email_prefix,username,password
system_admin,system_admin,Aa112324
TjcvYlQoqvpGRAMxXFpa,vnWsyOfzdDHRRTLuiBC,fBzRFv
yZeHR,GeAxZgCTUmy,THitHn
vWnRoXrECp,OPgIqlDIlfx,lPIyKC
bRzjCXAeOynRWQZ,NGahU,VHQprn
OeCaAxd,yeKfhKHvpEoR,pkDftq
EevLOpgHZsvPKWPo,KIKZjXIUInCLfyX,zARXBq
TVzVZmaIDpyRlodoDAnU,eUprSy,KAXJQF
dLAsrUj,UzXhPucI,FGbPZp
LfSoOUFErHpGN,toKScEtNvPOnNWpBhaH,mSzTOS
OabKw,lZXkFv,fGNDFU
xYJLGWuvGRVrODovjouQ,bMhMcJzNUNABqmES,MShfNO
FmrgfwnfugpRMuodf,xYlVThmpJiPNZcZ,ReKAnj
gmJjYPBXDrduGgW,suBpuqesHFJzTpYKQg,qMKbpJ
SsHak,rfPjJfCtt,snDrZD
KtcQs,YQQCNuWLIi,lgNeQB
luzIajcUiCCBqVEVEC,vUubllOcz,QnfgnN
bYxBIWUzJFgyuSkTp,iWuqfjeJdQQtJq,mBZOcK
pJFzBMgLRwv,qsGNqSLQRUywePWpfWt,sUixan
TyaaFeTPG,asyPnqHpwADiOpSJo,NcWrLY
cawoRtzmxwgYbvHHrE,SktABrQhjSOXMFy,DZwAAw
rVPgZ,IjDwrPg,QCpaBc
XBTWIUQZokAuss,qovLtRbWYjNNOnulywJ,zpqFPp
jHIVUDITQFqd,DsaVnoXnCbRiFJVQK,GyrwgG
YkvPQ,aRfqEHjc,QMxKEz
VgHjgASJFms,PiUMRrdHSU,sODRrD
FtYbjFpJOsv,sCMbpHLmGvSaQmjU,uqWPXB
sTCgBCppUwcDwkjTevdC,GthfNnYO,wYkVlT
PbnKaLNndzCnQgfSNm,PveAKPWPeMjfZNYmUPo,pVKKra
HsqAiZWIDkjI,BlovJVTkEgz,BnwQXP
ZGSauqA,DTWvNSckhEFDrKgvIHDr,LamNmT
TpcOcfBh,ICLnDXVJUbiqBCE,fUQjLl
VWcnuaEN,rBMnpqBuIzXJfN,KWXkwY
iJwYZDub,uqPLxP,EEPrLe
XeKrDcGIy,twjycmxSXPiok,GMdNVk
ybBhtRmMePLDIYKx,Vuvfy,IxtBgW
qivFTbJibLIDDwdSi,qFUMrAOmo,fueHnP
fKWCkiHjiumy,nOiRWZINKfCFXKAfcOb,UJSzZv
DHpNbtEq,HVlXxjaNreLM,aQoovd
nzziLTnrggsAhZ,mDOPmwAxTEj,RaVhKA
eihsUChuuMvoCbXl,DYblHv,shJRSG
RZiFtaiQkrZqVO,VPvoyflECzAuWnpq,ZgpXaX
PuEehDaG,QsBvpFHQE,lXHwva
qZzmKGxuC,SJSzRPljXpNrBGVX,GjrvFc
lmPMvb,nhtlUrNwhtTEarRWAMk,kDAUKW
vTFOnZyTMdtPW,FVbyjWhrtj,SohhCn
SPHPBSNxhcuZsTOc,duBMUiahSNyZLU,YkVmzY
NUDkasczNFiPwZ,muhYxtHRBo,WywmAZ
eumUmlhxTKLLkfUzPQY,hNSHyFQWrZMldlEl,KGMhyA
loDKlzFkVujXkhd,xnvFwTtwDVe,McJPkJ
TwxRdAKZOTXcE,kjiNjAgN,pmgpXI
GYLDvieHuQRoRyUuug,MiyXvjboeUnag,Lciykl
zgvfpJsaeuebuW,dkQqXJhefWSKkUoknOy,dKrUmV
TmcGYDgr,pPZJZkrthEj,gldumJ
TQkcoxfa,ZinrTHRHYfJZ,IyFBrm
yBGBluXvJiuUqat,DsXudUcMHhziHdOTl,MFBFDn
qLiFJGueaBvNgZQCtQ,DQlhnknEgNsPh,CNqVwO
zFHlUprNxPGNIjk,HIALbNx,AqgcxB
FhWwJe,rycmGZVtZnpfBTjz,YPNpBK
ITeEQGzDzB,apkxuianEoBAQGf,mKWaGD
peKnLmuWKzp,pRwOHlPXQXj,acsfqo
nngrsKjOPmUPyXVAB,icbsjpIaezmWtYHKgVg,whODAX
stonOvtmRnfbIQpagEUE,KDTpJflfaqW,xsmpQl
bJhrtki,NtwaDhUnpflCqtz,eNDeeq
wPJRlUSxdctfvIcQtQOA,ZTlWA,jtdbni
YIuEKSJ,KgaVmf,cWMoZB
BEqQDmhuairVmFuvxIo,IWqNW,WyTbHv
DSpCFTXB,CKEgvmXDKqYuxLgKnOY,JTlqjs
tOoRa,yQYFWegWU,edIhdQ
TVKJXbhRCXJ,zVlFaeqqvzZAYpFbGQ,fNGgrz
xfefgISYizHJhLZN,UFpTWgJ,GBUKzY
PzPiQnvmX,XmypHlW,agqIKz
YGmZzbxHV,iTNZDQ,hBtrTO
lrlcJcBG,kkolhEDPQRChUUHiZBjy,XiiQjf
jIDVvibwblg,mEepKIRJnkRVOa,TdLPdG
rBuGPLrLiU,akiKs,IhRouF
MiROaQnYpf,VMAVxpJkZhwucQytf,aluami
pnibYnM,mksMPYYGsMLXUqFsLcf,vFtokK
RlEQyhPXfVOhRaAviMc,AaCWIGn,CPAIlH
KjmZzQWbdvmgop,gYjyCwSfgnOcVHnjGv,gqiZss
asfSqiK,SeOgzRBDeAebMjGIXjH,tRWIoS
uVVYzwGMCySIOFy,ZWHnGrUjRXqOBcnH,pWtsmi
VnuialcNdKgNLotQ,ICBePsqzF,JMTdqX
gZNmSlRb,uZxkDbQgZ,xnUKzi
eLkydRhgqRNWnqqTQ,rbovHiqULA,wxBnut
BpYytVXObtBkXbsnm,EkDNuEDRix,atcQsB
wCqEvNiIYTlWFUZGQ,wfCFYZ,YVEXeP
MKDjDdFRwDWiuS,KPnLoQEINCyuDND,lqVQBH
jfhPZlSxyFcbPmwuLm,azFqfxlnEwsu,Vkcxpe
clZMauPQewGjUnMQa,bmeAZUaBsnz,AETTqQ
IXAxMqDSmnGTDhlzY,yTDfeoITcInZ,exKNtB
EfnXYHaScWHBqwUoXJ,meAoDZRLbSwxWyecWfm,KlxRRj
MfhPk,WrwgsCidiTYpSgHR,VJTgoQ
LqtXhLWQeVkYgTPgAr,GwakEG,zFUwSF
csMARKNONtsSKVfYLI,JUqRsmnp,buXTvs
pBWYVWgM,dFRsalvImZTjYMhonO,GEaDwP
ZMoBsAfuSdLmSYAf,EmuwdkYZWAWLkqw,jqYkqr
WQqTGqBlUjAMmEIUPjJy,FyLOccbxjeLSemn,GKgXxm
StgSTsKdkwVDKh,WKOXzvxSnwjEjvQDzlrY,FtJTgg
CZvHlYx,WNXsRNQZUrLjz,rDKjvM
nskxZVGfdfAWeINdJ,emkavRGcvqpEIRsdWr,BAOVwp
hJxQHUAWmHdMQg,ssotY,KKWdZE
SwnkDDrR,bdLnhZWdlXHSYxpXDcSd,zJrOjJ
kTfWUWva,nHNNhgAd,ZNKqzj
VLaDzhFGuqlIxHxf,KPDLusDRMnyHKqQzpsB,OeEGDl
jVbgwwJkdifS,Iiffw,pzqmck
YJUyxeOqXfEB,YyOFAOVOUN,ueHsUs
DdPylHhpYGEGossQTsr,JzzVNTkdKSrG,WFYMLP
BDyWdxShJwajPR,ANVtEXJwKXFrjD,WOVOYI
nLsLSaOCtpJodeYTY,VakTgKDOHCzLL,lUwqxh
MBTlPKrIighMxVWLTGlg,FYnWqKnZnNqHnfdTTy,Bviuwp
PSUjaqgpuzgfqbBKMDO,IgCchHzxJkR,GrqgZb
DnSirmPkLI,KTvQSxjzfi,sbAwCK
SoYOgHLVeY,OFhYCQjYx,zSiVxC
JSIgbkMNhCdxN,JplTrNfgISgPYyqNdzE,qOvXbJ
cOyTnlacWkwB,iUbIbltOCdi,kbdwAE
swJfsGMY,yLZZmTZydSEoQXAK,PFEPKu
TsQzAEdPlRLkHNmA,BwMVlDCCXDcgkje,ZeABlH
SQhgueGymrYrB,clsdabUbvKmNcPuj,EorOdA
MXpHt,HROli,UTHQuZ
IBuaeYudQ,IBmJkCWFzVJfam,kkorPR
zMVQuQKExdTmoUFfRV,BKOsQQCtQtvOBEM,DVNOqI
HmBIkUzDAFScUiizJsd,rihKuQGxXlJAfhroQYBD,ojgJQo
IUDAJizAfDACqU,BffYNWAfQHHmNXHhPaF,IObYkp
xbUCZhWZRlPkSNkaLhN,djzWghsGvXPGAmoqbJrO,uWcpuZ
RzZneng,QGMeZUDeyku,Yjuojo
BoCttUA,MRWjXgbpirbhTt,ivmwrP
NCvQIYSrAfcdIL,dalIvUIZZtKwNkuKt,KeRfrJ
ctYgUlktpfK,pKbbpWINxkWTPk,CwqfdR
uqPryC,xWBcXJf,LLrUkp
OJoBnYydsGyDmOXKqfL,JNFsaofQBiUacUg,pAGngj
EAjMtIHajCcWFUjUFVb,VOjSdrDkbejv,MhZBpD
smkJIjAaPiewhrzp,xcXOwuHDgrcJSJYaJ,Svdbrb
niCpLHTidvoO,IqCzvryKRPF,wNnaPa
SuiJnHRoX,HabrxJv,aWeKcG
TEUBowrYFsYWpKwI,WMmcvsMUbGV,OVWZhD
SZNrPrmKpGpdhgf,gcIOfliu,rnSUhe
UQhfgEbe,eUkLZmTTLF,PxWxtb
mtrSvErc,XYEcCjWcXgSdbOoEjr,FmNACB
gWtBjsX,LcJOOblhlfmiIqRN,QujoTO
WYFskwEx,vFsAUDVqFteJt,xdIwTO
zLSXfjndStsKnMiw,NuGICdYkDFUc,LGnpLo
MWEbmTgtidMHoSgBGVfe,LaRSltpfcd,SqPptO
EeuzCVgZcOhXISdGaWrw,oBBVsb,WwLOTj
WMklDJRAsJ,QwPvESqgdkUFEPbCYc,UHJuyu
UbLkdLHLUv,fvaFrSoUdXEdLwnq,rJKqoL
hpBqFerMSlHz,xouLrwseNCHRzEAj,uNhYoz
eujlScYbTaaNFs,ilbpCNpmkwTbfPtNakiM,xhUTqy
bWSzpZ,vAsCdOnmX,MaHnat
fqWPIuugSjMobnOeJy,UKwIMDjiZ,UooIQk
LMYmdJ,MNmCCyNMRMa,GRwGuE
kdPePSPBTJzxq,LLInwrpJGSxI,RXVDnR
YMKqrRXlxzbytnOK,UskzqKTDdXZnJvl,WheutJ
tLBJXN,WZaMVNpb,PDiAJA
TNzlkhSMN,NrAVUEf,LZPrgn
ynUyk,iYeQCKxEi,zainvm
JzYmkSMh,ACoywrFkOJZ,arRdHE
jCgZCmdzMzTTNTu,jgOtibQSbtawAmxUss,nnYgLF
LkhbkvnraNQrfgmAKO,iUYcsWd,BYCuOx
nccAWRpvmdUdpOBD,JZpZSQ,fKrLxh
kOqAeQ,ffHMVRzWqlJdWsWxbjoS,yaeYEr
HJdhtLysWrtQKvhXUe,LsiVAco,JWrpKt
WOwoe,VtPzra,WdwcRb
PummJqhQb,NrQDaOZPaEhHVSB,JaDcFy
CsAnjV,aUQKpPesnOhf,MMCLLa
rzanysQUTXGN,JoeqIZNRNBMAjg,EubHMT
KnuUHQN,bjppUW,dcdXmo
oDPVRlxVsLMWufVIK,iYFKfhVK,NUEvIv
mtpeXwYFJzLEzPSPjTER,NuNrQvxpHJQjzBlkLK,UKqSlk
DIlexnj,kHyLOfHfwoycTvVMYczN,kUBeXK
ObNBPzmttsEsRFg,ONcPeEmCng,gIFlpu
qIXtDQAfJWTHpBK,okRhonok,oqbVWd
AZBHsFi,FIdkQqv,dwJsUh
FGxmjhXQisRzngZKww,cENAibRQHdbm,JvFbNG
weMTbDHaFQVwsx,LzTRLNHys,qceTRT
xCGjUMeRKd,SNlQddhgMe,GpCNMs
gLcJrY,qgamJ,aYadta
IbDlSU,tDqMBhcEfrgR,IEysfS
WuPUBG,sxaytXGGhhxZ,paSsve
jaihntfsiIhhtVGOs,ARSTk,ADiGhI
nAzgNQAQbBZLm,KfDJdPxFTekhGsDsIj,PUEthy
yvyQoGZ,pGBMm,nrGYrW
GWomSAGfWUiYXdBPOwJ,yRwkxmJ,GPKTIs
QcoYEMINPrwlhaRRzRD,waYkZ,GjuZFE
uhkkuEBJ,hrdib,MEvGdR
oyhNOqvRLuvwsPsbnKAt,tGZOPeJ,hbpeXA
SQaveomzzinUuimJAfIF,clnWTxJGa,baYAEp
IddppmntXxoieLS,alIdwTlrXjEPIpxECUZ,pdQWlm
omsxuJXLER,hLKULjmibqtePbsSrsI,gOaeei
BSuERIcLW,lSwRsVaQLyg,ITlLji
YxCuvHCq,YZBSpM,LEBSCW
ArXqQbPtBqAwqnLhwnJQ,sELZWfis,Smgeyd
AZEizX,rucqAXHPPiMbNaGvtW,QmdBpo
cAXVlKSlkWcwX,QGEBbTnnpqxKp,sHOHOm
jFUreGLyhBhrzhtu,fjftIqWCiKRNfn,jdomOO
LWByoShxJAqqHfBM,AkvzEADMYIitJmAP,TrfsJJ
ZflHrCqJdByh,LqqnKhzYrUxlQ,VdGfjl
hvfEfbDwsgbo,CXipyficPrNIaVbruFzX,LlICvF
yGqoyMCxVtDRqc,XIHOyzTWCgxtfZfmB,wkdmlS
iutIdwxeQuf,uMemXnlc,IAvpaf
cGvCxatrxtmOOImy,pjJSWjRmb,BVQEmr
APhakPDEN,AVokWRXQAClmnw,uZNtkt
pooAYUeEudpYhh,ZYmVeULCQzysTcHzG,FvbtAy
oGBpm,IqQvmDDfBDkDHYj,mEsqZj
otwDrllAGrn,YhDstwTtWDz,dQYSuy
FidxHTySWxOtmZwkjP,ZucdXGdtH,qeOwsB
riVBq,hcAcpSgdsCQZyjNEDyti,uBlBpB
NAoPTlAgMxNqFHkpc,GrowxkEkb,FQTzPt
fSNtpOLXsoNU,AdVGoWWFmNTz,HlFnMb
Nxept,xIwjrsf,fdOAti
TivUXGNrLAkclNgogMM,HakBOiEUVQrTaohM,kGDEWr
vwcHRXhBGjBCBtDXXkKS,VpASeMooQZRfjxr,SWMpqj
eSGOaElhJJXFrCOucRjV,jMitIxuCvSS,BKOuWn
ZqlVlMQ,xzOBEvzAlPpH,VGRgKN
FeeVoBoVKSCdERHGM,CZoNEEDVGSEYp,MmBUHq
lYBtccSTr,CDvcEOLm,mLVskB
GNToNGSYgRP,TOcsQWrsHZrHdG,pAldIS
pFHxYblOZh,KYvzYCubHaC,OBiHhm
zipitWILJ,dZcWgbvHOH,zhtaZv
tmlXTaTJvRlhszjpn,JFRPX,UiRRfU
ypSjgtyKiSndUVdcoyu,hNZahumbO,JjUlfY
QDqWrMKfQySknuj,maZkxRyAuZrClLhvPVs,GxIYrp
PgxMULAnkNyHyo,ZiZEGlXUyVYc,SWJvcq
YKkPSuJUsJLjwmJnyHpm,KNFKkCQgn,DwOQQP
nUQYeD,FGKXpslfvegG,KTRvCs
zFmNGb,uaReendyvNQNaFpUqgaa,tWKMIi
jkkwtCZE,mosFwtNOTEeQSUdA,NDuUMj
pwYXFwrRFMGdU,nhbMeSs,YFLKce
ypDprlgg,DbUjDxLgzOkWTF,DbzbhG
LEPypfFHNiUNCqfjxx,urQAXDYLamWSRzfhD,wjhAgE
nQFAGFLtanUrERlglz,ZsmeENFqFVzrge,AdaPkp
tjopDQdpMKPnI,qgLnuz,XWTXyU
ZAItAjEZRWQvQsw,DDgGQsOxrdoR,TZolkF
HOlQHBUjP,LIaaErpzCqDkynXQiqe,OKUGkT
cVYEuIAelkHa,dvCztd,ltKUKb
Sbvwyl,RpOKUGkNSeds,YFdfxT
HeALtLvFPRsfQRtbyWkJ,TiixEHVyUkmdqSLNhA,wjvdYQ
QVLesZY,oxJPcBa,AppmkA
oMuXLjfiNUQW,kbPsvHliOWcrKc,wtRqyl
EZCtLPKcZDVJKkVToDHv,POsIwQcswe,tSJaSX
leXcZXxiHdJRYj,CosxzIAolsuOBX,YDYNZX
VKoVsVOUNIRDPKFn,rGLUyfzMuRGWepJvQyxw,eDylYW
DGEdaaxAdJW,jTRqPXvJLvjpPoReTNj,vGoCZY
KjHNGFEqLKL,jNRmQmNzOR,CzMezy
UetbWMFGGIMDkx,AzpmeyRzbTfUZYRNRU,lnWCOR
KNVtJqWQzOQEIadATKnA,cpfhlSPXNLaRfdLFB,CFEQDP
TWQKlTFDwQdtxNzjoH,FxsyuyKWNCXLRxyp,ryNziZ
MVCgT,muFfipnwrCM,MWRWWB
ADmDolqcRwpms,myvlpqIWySLYLuOLW,KRvyXb
rTJUvImbIeTjdM,btGoQfrkPyLuiLnv,KGTnxz
ZTDytiLFREQtRQjSTSQC,ZlUeZcNvYQJZqMSIYnT,qEzTiJ
opHQTYXCtdrJyFCQrEej,wBLDp,nWUZwq
IbvntdRiNdbrYCK,mTDVudaxGosQAlj,psQBaa
ICzzqFIrSx,iSPNG,pKIZqD
FHeRZi,aFlkLBkPLOIfP,SYRbIN
ctoGxAJQKVem,rKBfsStLYeODu,SGWwqC
zXpHVUcyDvB,ShVeAPBXAWK,RDPFiI
mbRFcGgTo,ayZQzudKjnQxvEFhmG,RTpmda
xbKLfof,SjiwPzjYUMRd,LQFSap
yrNaiIubeTtSOmpI,OeKBNkAPtyj,agCaQY
XsPEHym,FBnYyX,tkeWMb
nddsI,QRzMzew,gwlOMW
DTdbT,HWNHBGXQymnKgEdUBh,pRneme
UDphWSGvX,rASAaMTsHeCywWDum,ZrMHIw
zrkiy,rHONLeMhAqpML,yBNslI
KLSLkCGao,EIvyWd,NelPvA
OSGVYxPHxqo,wwrQflXIlASmZDRhi,AJzINT
eGYBdOjBYyxwjZAoyXBg,MuIvWwL,VcwEmT
dBujnnLIjhMGtTKzlI,noVrIyZAR,PIDVYA
UBRSHDfhFYLvjnnkvCVW,XLsNoHXAUTVHKLNBpxGL,bVgoGT
vTtxqoGarmIK,srPwhNK,GvkUEF
JZkAZmYHJA,bKafFpZwaUmNk,PIyXTp
UmgkozTmzR,wGfVzYRLT,gWXIPy
uoEUcWwotToZRb,oCBCNygnimYK,eOsElo
rtZCsOxQYGP,dIWEfHMwKuycKlLsVX,GmPYBB
jqcOUIiMosayAcCZvpx,hiHRxMl,iOdPoI
axmtFGrSogouOE,NPZyizuU,nLLXDc
sGvviHJkIdfpZYzolhm,sZRyrQTqKcyDTk,LRAijG
rvuUF,cCmPzgSf,hRUBJA
oqtULCSoCr,jLJKvYBctDYqqGdytJlY,stybDj
SDDAEQuPikspKnjOWSX,QIviEwXTKo,mYiioC
JHnLjisYir,rvzgCGGRMdjgcbHlSw,eHYoAQ
CqJeiUFlgu,ybXWdSNmpOs,gYJXRn
DUNWSxcLvsnC,vMRonbkJCpo,YlgdPE
WZtVZPJjLd,UrOGVSkLFOpuQCpc,wbRHHH
sfHbWjY,ehdNQf,NZyptC
azgwD,aJyVGFEtKhG,HtaDRQ
GjJDBvyyekBV,fZytEWgerdPqk,TkamhS
sxsmReUcFl,seFnnTSBNFKMGuFNa,SEoOXl
KmXkWpeCkwkrR,lVgxuoPuAySpxCUSCYE,sxcEky
WnXhkcFNUVBoMjORjDRm,WBmyhzFtZhFzoXiBL,rmgOhe
HiuSqrPOnerUj,BsEQWbfmKMBmvMDr,VGspjr
DCQEKSdFNuEMacPtzr,JDQrNvHgaThkdQ,jyJgfZ
gEjPCfSoiKxmMUXi,WeDIVcd,xmtXoj
GmMokpBN,rXtVcEOAFUDRbNpCfVuI,negCdQ
GQHLAFqHlNUzKP,CvFJubQRYKZDJIj,kkoOMZ
cHEBDaYlIvY,xRIpFxHWiEC,VrNmOn
HMciZKYmbgSDqJsVjdPu,HoWbPpqRZuPtprVOV,kEtEOB
eWydVTnODyTDsbFHDIy,uHsOUGHDzkl,FmRVMy
odZpnIXEYUSS,MyBWdVLDlbBZbUyFjF,DysBSp
wtDRDpJW,PUVHzwYvMVQqYO,mjMacq
fDYWIUcMPMhuSGZn,WorEZxWqv,XHxXUz
LqdDAIzd,shhLvydoMHigIGiwVIUt,MNBrOq
GaTcyyThBcBMJX,XxqioEAjXJtfiVOb,HsZHeN
HUHZuDIqgJsBTpNvu,vbBsbHQZZB,VFPHRR
obhnOJvp,zrXsAMoBPqHOOKx,ysuNyA
kFuqlQaySfnUalN,AJKljbNAgZENCub,HVPyvH
kpTlEgNi,NAlvnGU,GscsTF
LPyUWyRBs,sVeCXJS,GWBjBr
jpaYOpKGhrZrxnJGQCw,wvVIMyVMeWoZBEcOoVJ,tzHFuB
GRJnOAK,HZIiuBDZaqHiCZ,wtRaGz
lxbPrbFmTZoJprqij,egKxLFuaIBU,kqSWza
pXiaytytRmmtEQyav,vWWcDRviB,PrvKQi
jUpCkUAjkYjZt,qGWQBOqgQur,kJJudX
siRzKi,oCQPCoyS,TYpRkp
qjSCyH,wgviBwhiSuQUI,FIHCPn
wTGsvuRXLlQrBorn,rGDMFYATmH,pDvwWU
kyQspEZhlRM,zdHswyagCBVfrKxsU,YijUru
xBOhITZYXmTmB,RsQZs,DCuPJT
PEMlPGNyYbVnJjeOBW,TWsax,rARzPC
jdnjLpMNCPmGZ,jsmzXSxCyulEiadjpnj,UgHWEI
XGHpn,qUoDtYkNroDzBuMGP,AhrdFX
VgEWKCvKavh,fSIDUeUcAPEAhztcNyK,czoAua
WIDfxSAfh,PegxdyXuRM,zywDsf
UOhrYGwHNIteiD,zHumCDafE,QPhfFt
hOUhROOkmmp,UevUtU,qAXQzH
QJKOpAIGsT,pLTuUuireI,bLdRNH
hDqSiDSKrwXOiedAI,pfzwoVfWvrMLofr,lYyZON
QAjLcKKxwyVlXnFsbB,aTeqhccOGvMRF,ZjElkQ
wuGJnnRYQiXcx,eIHCShUNmnxpco,vcuJWW
OVUQQB,kJPJzukOrRNSdAlVYTY,cuFSBr
bSInYUiiMTuecsrUYR,oXqOwlYlr,kehCZT
YjGosAXRWoHoydRrVAE,nRgYwpcyjkmYMITQTd,bBbPjh
NzNbpqclbXVUaR,XgtKIbKr,qBPlYb
rEFALyTFvmRLYpw,yMhDRqumrrQcu,OFjBPj
ueKNccqMttDZqR,pYhSukMUuuDCkch,bZbHfF
RAtqOwBUkUS,qUxLVPNAkTL,zBDSNR
PPPnqPolOFUD,gkdsLHhpOtGHACiDGXO,hjLrtG
iFhZfeG,rwCRXPAZ,isscCD
zNgHd,yrnzjGGpiEKSKEW,yHLBmt
fJBwCQeBdE,PAuFtICTOdAqOA,IHirAk
HaHIRfnSWVt,YxDSLrfbxAbGDcznOhqB,YwUHat
FgmaZFy,WnuuRrZHI,bREFoe
xVmHQeKK,uwvvPZqeQNgXefXRsY,NFxrcH
evvliUzvNnuFxgTUXTin,BIljZNIvuIdnab,sGNrmI
wTjkQgYayefO,ZBOZh,TNkplX
kvLZfabGpkxVQpdMmV,TIbNVyMUmO,wFEsJn
mbJCQWNTes,fhciKxfJFWytsCFsYoV,CJEdVL
VrIZXEuR,ZEdrSnJEgEJssVrWX,pMSNjF
jsmxNol,exadxxFgqkTNALh,GBAThF
OZBwEF,dPqGbLIGcPiPgl,uGgmKZ
VOpNNAKuObzqV,mzpnUkJgZeumwhldP,szQvdI
eaXnNUfAGWMlDhiZtV,hYMnGNccAYral,HLdueV
JUurOCzDkDXFIQIQvs,nYTPhclCXi,IHRBVv
JkBgHwTtjvJyTKADeND,aodAGhcQcL,WYwzZy
SitJXVT,QqPaOqDM,xlhgox
NiPjqpIuXopQflybr,SKvDhaed,ktVEfE
xwsQGNYKJUURRg,xbDnxoqR,ZpoBTC
fOYjvCiE,gqgXQgPd,TCXzdJ
AviqqnTkZYEuw,TnSLxlSReTba,HEQZwu
mfrSmhsVPXncwBQ,yTtjinZqIeEI,MNrKuQ
suHKKeZmiMRszvroOZ,tjgoLaAJfHEgrMIJ,JwnPMr
YGYGunsDKmluRoFJCQJ,vjfSmsncBqhKM,lFaRwb
pTrpcuBCHeA,nBmljOniPsMbtKSAaybS,zqJSBb
qYreW,TNrMLbbwpjaPe,iskwlh
hoTgEyABtoAKX,NWkKSEzYZpa,grNcjm
SJlsrlqCrZoLenbm,OCZhrc,zfVZCh
PuqdpStReRjVibalOey,WAHwW,LWtrHN
ITIJCHuLorMUMGNpgJy,iSjaYn,seUVlz
kywRBkQYLwgblvtv,tMypW,IQcHWw
auAfDivcLr,xdSTMjPjfjMWBvZ,GhyjVI
tLvNpdDjm,GsSOkUSBVryUHa,pkHPpo
GditOXbmYICPyUSp,EuONcVgKAl,xPaamW
mTtUhimaCHBcEosTImb,LeQngfndekWgJbVYpL,bWiDyk
PJxLAwPcAxxVnpXm,qGfOJUmoLJxEMBYYG,lxmsxe
WbyUxBjj,wIUHhmmCiua,VBddNg
rLNsYHFMXwAkJoEWaDf,nzSnZyhzQkVULx,pydibF
sYKaSsQZwtkoLqPww,HgscfTFEORmJWljaMn,SjyrLo
xeiPgaJzu,xioXEmoWxYMBBfL,viPHjn
McdbRHyFtIgKjYtyu,XdGpFXF,PtEAfY
QizsoTmBLvAu,Xmwifnb,zvlXFG
WZkeqLTwlICTZZKseLIF,pUgFAQYIDaipLp,CZZpas
RaOeCictFMBwVpwKC,CpDykQjCO,vHIUKX
lbQcqzFNuGY,Sxpght,mipNYp
elhtZfTaWXGGgH,xqZlEW,BjBzKr
QziiDeFrEYdQcueildBy,lqxgIkoDwSAzXCHS,GbcgSf
SCpALN,DADkKAnQstZpgjflHDPp,fvGMyh
zSuzloPchyl,NEhpCabZwBTdV,PwUsQh
XPKpTKDobpKJshTEWs,CxFAmqAAJvNVRY,YndkKq
FfNfGGFAlZQJPUHAvyE,mIQyhKsdRxkCGLjFuMlr,yJboKJ
ZdfzN,OTuFQTifGiXbkvS,kzTpyC
LyCyTpItlTmU,OsZBbzyPplRhJmygW,SdoTDg
qFndwWDH,PSzRbGJYyCfpPOeOj,xjCKzl
LTxwCZLXgIz,ZebUoXtJQovugk,WsUwUV
ELUEnAL,XleSPdkQOn,KszfdN
YNFOFrOwlnYyRFgY,miFjuPHLSUrQRfeudcj,WoxTfE
DMyCtqBWXrsC,NSEiN,ncJDgD
BQdvlUQvSqOckz,cfxLIGLsDrLUp,gcEtpf
YFvQTjxxFXXRKj,jhBSxoazHAb,VitHBC
VgnFnejYykhmF,shCVwGR,twXEjz
gnTPQrDblMyz,HsvkNvCyS,hfSYio
HeWuPcHFaaAlpzDKEBNK,hkevqSAoYenXhqjEpcf,IVSDAk
tATYnfxWenfvI,LjZmXlDgdE,UuYprM
GpyDRtuHamBOLb,gxpBkmDQqsP,mjPQvu
ADcsdqtdhTZVZPkr,sHqemvNTNZz,zOFAQj
foAXuQidzApXJvo,igYFmbqLgQLhzTEM,quKWuP
ZZvOtqsMYoNzcnYNI,NNdkkALELtidYVE,gWZpKS
TEoUsajwiwJIPkyXw,ELapbBAFEIlHjXxDxY,utWapi
JyIOZQUIRmc,BWMBXMtBUdRCczW,cbvotZ
BECgMKOdONDWFbjF,SdBYiloSkzpcwYBDq,lHRtHO
fweALXwNXbYsVPTUEJFl,rIQzToIBiBHIxxBliTvh,rmWaZB
ZRwUFhbkkRnwEV,usvim,Pmmrkt
lTLXyfXlrnZHh,uwHUSmDbe,vfmRTk
LknBH,xvBoISm,xEwOhJ
wNFRaZUJnpj,gFdfs,rVfkGG
xhzCc,nKTxsncyRMDOIRbACu,jYTiRl
kKDDFU,LczXsdchYIMmuQ,oihSob
pkpHpYzmh,YuHNCURyskjHwWkZnler,PYJtQm
cQPYXHAaskSgOvjaVdhc,XJVlCFmvkN,vLGZMv
ispeQhdhbzLNwv,ElfzaPjt,TKtVGN
fuwmtKLVcwn,gxFQsJqwy,VQAQwj
edUJkSLDYwceATDM,IteLLiLCixga,sEVJXM
HoSjRWo,BnhtmgohoYSc,RrKbre
jbeqmnVteTANSZb,nYuFreAnYKU,YzYrQs
HCDzWyPdrEXhwHgjJXa,bJQLjr,MceDOR
rbtKrhrSjNwlOrGeC,AgvOcFPexI,mpLiCB
yAinoKYPGAuWBI,NgjHxrfMgZUwWyOP,zyjoAr
sdhoCTVeEnLUescdMb,xJurAnF,JDAObW
NVjbtxcTmwFnxfMKduL,zKRDElAwQigUDhS,XAmnxO
RAUlmhIch,VmARDOCsNzjueYCdslW,JcWggh
KCQtFVeAiiNAg,GdfIJIs,TOXnJy
YeryEmRFxkiUTfKXsdwI,SYGZhrWdZVEThPYnIgts,YjehEm
FoRZMSZynUDGa,zBVDLnEmwoo,xuFYpl
tKBeIxbEUiBpOrXwCUqm,PrsRLsMBigg,GGUmda
DkNeiWOuKzIvQLlxBz,XrXXqVUsJhtVeBjlSAr,XTDQBb
UkEyqbUDy,vTtmNon,FAarUw
jisHgWHRRhpPNH,WXEGgLTNWXkzWRnlfd,qeRiko
TshhUCwLCetheCgGWpRS,VnasfydZcSBldzhh,rOIQQp
vWaxTaQbppnFsJF,xudjgvzJRuxlgl,xOYnkS
ESVXARUcPinPmvdypLbo,IjNHeiIaDhZPFxSVSD,idJCBf
RxmNGMbrdkk,ATrziBLRAqkIKrNeKmrz,HhipIJ
KWkExBrhL,AduHGwUIPqGidarVRh,IZClfn
VcsHzOgOrueBdwsyn,ZrGCyTTcFxDHOy,OQPFPN
bMQoooTkPRlX,BhIZLJWBHnPDIQHzxQ,poTqvV
DWAilBShnXRhJzTQqLP,VXNHYVUkvUCvEsacCIBG,KYHCsZ
VlucIjPwb,DTPpEqmXQiJXUTV,vDdNnV
YTVHgF,bZWma,sCVayd
oXvaPqBt,mNLtHaP,MkjTDr
RtzSqztqK,vMvGWBQ,NIZewQ
UcrUwWcGnHXMYGZGWuRS,FFBQKrFjCftKFQPFtuW,LXmwzy
TMwqsW,UXHyWf,lNXJjs
HRVme,xgIBoanhfl,OCKcKw
dmrLcnSEp,QApbVAuPJXyCelBE,acUFmr
YWwxbQWywiug,LjTNOlh,MTMwQB
yPFPLPczkyPKtZkBdHUs,vneJUh,jQCEPs
xGUPkUmCTQaKGROJu,mpBlssNhCLHrrFqSc,OdlnjZ
mfrldzV,UGFQaIoMsKswxRxN,xMRqKs
PMwTfD,KHdvAR,kwHOvb
jFeRYeF,ygJXJvMJjcoi,PHNFCA
qdFhzdSUPAuVTkgjvAY,VhrIobVTLsXxK,TvZRzJ
TDfAVWkEgUSEPES,nGCkCzPbKoNKVoi,JQnKTD
EJdfznOiizlxeka,sOtuGBXxjtDfADzDCZi,EcKLYE
ykTGvdqFsmFtx,czXlKRWIfIJIZBCy,pMtgom
UfVUEcbtdzObPLOvrYq,WqdMHgbLpKeBVPm,MnPDXT
VZcJNiVPgrBvVxLCwKhg,nZSjzlCSoAhAPydhX,iHNmhc
YGevmHEOE,jzsyOxDwJ,VgSADd
ZywRHhdOVvvl,EbFDWwjNDjiw,TptPVM
vTAjyAZqDHrFEz,WuNVqOGqAEUgUejrW,uAoBQo
lbKLcOZLXBnx,rsLwzAr,DVSBZi
sFSqQYAzlHieqOCNsvIJ,KjqEGYPFAgr,axcTRv
hNdIVNxqdsBApQb,qGOjAZU,IIqORT
BYjtaH,NulLUUkd,nrWQxc
YLTWixTkfpY,YBAwtggxln,xKDtFe
zJhSCIdbVXMrJQC,CleieRyVkDaRdLbYy,Urjiil
LDQhaBNOrL,YoUvabgllvvWEmxwB,VbDpQD
DrMZLNBAIJIWhhmIvUHN,wwZWPwOuxISjQF,yxFvPW
GppAMSNkKcYl,hirWNGoGGmrdARjpP,rkoyah
dIHFSgiTHbtMWJSNrK,OUqQriXqvCZ,ncnrzf
wGWvdQdCojJfLVv,bZcgCg,fzerTF
qrChnSnTOgOtrKqwcoc,riZcuhNixq,RMGXcN
UKgVwLqEiOwv,GVanZTEHPdD,RgoqrS
rutzLCeSEYDsHCZqoBcb,fgeuxZhoQx,DXHtSM
vITBaDnSGCLkEfUJHLc,zbuIXvyX,oOVMsd
gDZReJdMdYLahpuhXd,AapdyPIzOmSrDzgo,xVWPoN
ZKljXLtpUsJIfUwSUj,ZzaqcbPsbUySeMNjQgP,TSIyao
UWSal,paqnEXWfrGxEW,HkAVZf
rNDiNWm,cdPOutiLQUrehLrrOI,DWmHYA
bVOlxWbuQwrPNdqV,iEPpyGbSYAZMMnvGg,IyIxUj
ZFmVjHwUZhR,xdGKOOVAGWwHWkwenmCS,fksYdH
npDAmndQFP,YDmnBoslcw,LpGGbM
aQxmMkInGIFECbZQr,BmIawAgcpzWcktwcKksX,aQoOZE
uuZounpWFdMRWy,tKxZsZAwDAagNc,VgPGAG
JTrQLdoqOLzvaxxFJwX,xqxnwQmrT,ofmArp
rdkYoDmnGycx,RUawZdPQzQc,qgwxFl
qnDTxtWDkRlDNB,yLHCEmyqUT,YbDIkk
ueUdn,pzrXyD,mgRWlk
PixueFnKNdKHUBensl,oheOEsGaktMHHmVfn,VzuYfq
sQjZggowMkZzYkjNZE,aexdWOnaFEdwL,MxMblz
zcIHAb,bNieuVG,bCfIrR
WVpcDBOIbIfZkBr,kMLHzOhE,dqnFvU
oJPZkjxDW,qafuYdrKQTqwxwOUDok,gIacWY
rPEBMDtz,YLZiDMrT,sWHCDF
EzkPecnhrwCaAQJTAeqO,ItFaDUnDzXfLewSww,bzswOt
KSKULWnYm,gLOnVO,wHBbXb
dYFFkbIaqoZcDVenY,izHQAatftNQoIYQ,UJImTb
uPgJJub,vzaIx,POoTcB
VNlBcKpyjppl,qSqYR,DIGShM
RVqVnQusL,TmIsJVqc,rQtSOZ
hteqyxpctF,kwpiVZjRfNjr,JYpWBr
KAnFYEyVymw,BffMoFgRgWQyd,BRRliC
sXSOrI,eSzWQZpazhsjDXSq,oDGfWh
jZcHg,dutmGeuc,jIZDPV
dyJsPmvcohoO,TfIyuPAvtcsKN,VhXnnf
pnhWJ,iyKQKRtMcyzQ,dUwpdF
hRtrigyQfgk,gOMAcwvo,aFzoXH
mirJXJLWvKk,IiEzUEq,CTGPQN
POewcXX,lWYJeXKYLD,BGhvku
wyswpCM,sRJZCzPLMtyhBzn,vcXWgg
wrAgiQfl,JZajQfJfLLzbCnHekOJ,kZFUWQ
KFWtq,qxTfgU,ykLCOD
ZJJat,vaGGQFDc,VGZbXt
qgdmpWIHN,MrIuFpWgDWawYYkpZjy,kqjTrH
vYazkgDSggzwQb,snQGIvxMuasuX,ZlXrpE
ObKDUvBJRCQUUl,TJDUpjjffBAGgGVr,aTxowK
mZyfNRbcyzgSksGMiS,ngCoRm,MVuDtQ
etpeFMHHVAFsjkiBkS,oWfCsFAxHccE,yoaQZP
MIZaj,bXCTuYHIlTKTYJE,rWLqUC
DCNLAYYVw,SJtqgKCZIF,aYJkKc
wzicKfyZtZRFMvsRnI,kJTbztADHrXApF,TZktXS
HwAwpNHzlqJbKuwsM,GuPlNEAVjsovopMXVC,DVcmhQ
UREzqLc,SIzLuw,FOWEVd
txfjM,fzNuCSQJPp,MdzkUS
FSXMBIAubasrMLN,EUmAbwaJPUyOs,zppRPa
QEucXDO,DzDIEvawjcYERbyG,BRuPeU
jdEgFMSNeQsOAdwZzcPb,zuRUdUh,cVyBEg
MPDwNTqeiRZFrWxDMeeK,SxUkabLYjcblObvcsLyz,gZIbVd
aamWmZGiHYAePt,soiEqbCWFuZLRhbVR,gAQlZQ
AfyqMgEkMs,cOJWipFPh,LtHepZ
VtpFurmqVRpFGhQVq,CpYLIjDMYTLnzZAbwYwN,LTlkMh
PrJyoANGetIwAUzUaJuF,KKVMcAuAeQdibwmt,tuOfSy
tcfVrZ,QpZyKQbqxGxf,ZVJiFY
sWFlO,tTtDRaRyPuY,TqMbLA
tbrFkxhjeWDs,TlcljKVdxSKCK,NUXNbH
oiLPVrNWHa,yiCsLSsNwfxGTRCE,oHUmXe
ZQuVEYUiomz,NgiGOjHYdSyccrddA,kCRgcV
GrgdbrvpFXLt,VdMzMOq,kFcaZV
WgVOFJFjEEwXxYuQvb,GBckdyYZst,LcAPgh
XYLosspvxbXQTfsz,zBOwWmfswjbTmMAqT,PcMnpX
neOsoi,qYauGTNypM,EyKndf
ovrNfRpE,tWhjDOYApTA,kVHDhV
XEZwkRYbqhjXIKkHbY,wdoAzaenbNgAJEIGJqd,auuOWt
pDVeMOFSQJCBUFbFUFf,ijfzDvviWZwCXfcbXA,gCuLti
tOFoWfHtuabzz,kmseH,fnDssm
XDGWv,PuvsLG,RStoVW
oOPXEYN,XfjotYpSXYNqMEpciY,LmYoLW
KqLAPjjG,OOvupZEHIQnlpIwjNmL,dJNpSX
iKRXnXzzUzMVgxMHov,FajLiiUapmaYs,OMjkEO
kbWwQwMkKpf,ZvpgVsNtmg,KdStgv
uSyhbgNCp,AnLwAtSLGS,VjhHiF
PilspqDLmjtMwaXlVVQF,UjECzRChkNO,HlaXKK
yDsMLZ,yXvdEo,voQmMy
ujKyXtNoc,nDMiDafP,vAHafr
LsBPOYvyPBAVEY,SeUksyYwd,fkrPwK
TPLDSifWDpXdTdO,HBaVNL,zUDBEE
iPDeQ,CunFL,AthtLF
LVDnfhWiyYjkQXjUhDKc,bMIOYPSATvGx,UbdnJR
ucESamDtbq,vvgoWPQlzvXUmjvStrzH,iyJTcd
VcONEHOe,HQFHXhpEgCm,NkENnl
fPoVdBte,mnZOnq,vLMulc
KuuCMprlnqsinm,zhYGCiWLDQK,RndNbW
HndSCZabIhPAeFxOJcd,GCCKwaCyLXRCgTKHnQC,GkRoIh
tqxZzJXmYZJUXGD,fReNGlIpSPxJFSIvq,cHPvFJ
ATMgo,NWFboIEAizrlhd,VQdoUe
OcRYldpAa,NELBdAar,bfxjKg
yjmdPvHCzQteEqNSEaCI,EbeYSnkFtXSJKdYD,HDGiOL
jWlBDfaP,rqnHbJianQEGIF,LTdVkP
vklYYlVMkArHVqiDGKd,zzeFYcthamCtXPllrD,YPaxsL
ywQNKXHJTlQp,OxZSaEz,sfoKtM
uIehZSBifSIGVgymXpt,NeEwSNdfbWzVaSYsbh,iPppbi
KqHLhl,BkEgLPrwURs,KWMmVa
TsKsJkZyRvEEa,OLwhEldLZIVINrqKKTA,RDwfkL
WSZemMmqoGhwn,CvMMIFEQkWUeI,timXAX
FMrLlkgsaQYPckhb,OtmIMseG,TlmsrR
CouwB,mTyiTdyj,TpqlQZ
vGKxxgM,LrUDKeEBfelQYo,AAdTkK
cILUfKVLuSoJIHiB,qjmEGb,ZTqazf
BjIwojjl,RuwiuzT,hAdoLW
KNrWcQY,hbfSWGCMjHGS,ytsSVk
AXEiBGPu,xCqxunnwsmQdOq,PyeXFD
DzLJXorBqkFQOZroIBK,WCPFEmbVbjlnqd,gBFhhZ
XbAAfxTO,BsYUrrVtON,XzluNB
XOekKg,CNjddDwnIEYqiTtcKsdR,WNPpZS
ojnlSghqjRpwZJA,UTCtprZlqhdj,ZfcKZp
CsPMdja,vTsIPIqZq,rtSgaG
ObOjMPvwT,YbUiIdhmbxu,mYMbde
PxglsDrftaAq,MkQuHuFJO,PGWTHy
ofnXv,RDLFrxhjQvT,DDEwuD
OTuKToBRKkkvR,wGKhaZkboHYVGprq,NuGMUx
DvwiSkRTEzGlDiJLN,rqANpso,tUHhVf
yqRwrvvDn,sKmsaPGktlln,zwmEAg
bsXolJThh,SmATJrPhQmNmIpDY,dPViYO
EbpWXoCDtPt,mxTKntTiBQHQaE,kAWcyI
KuxhHHgztupRRTWq,wsbkAyVUd,NqrshJ
PzefPrC,sJveT,UXUEXh
UQtDoulMlCFhjLru,ajcvHJWpEozKSX,EiGTQC
NwmqrVmDMC,HoEYPXRJeYH,ZNTQPl
PqbdOGAiyvzods,sZDixGfqmfWOQkH,oensqH
dqahBPKgG,ebjoLtbuPXzIFyp,tjuNpw
EBPzgBUSELuWimB,BWIfCPOqLslSp,IzLIJu
EIJgVdrVUIxZhOAbQZ,CCFibc,BUrcOb
tWSGmToUliFr,JCzbDe,gekVuJ
WqABxJCkUaXYUULmFEs,NwGJqrPmBflBiyMrLh,ARxrBG
jeafIoNFFwBHmCjon,ZYNsGMKOgOISurqMvS,kPsOdh
xvewkRoHxWWkl,oUKHqtbirKpkRmjRyI,fPbBFy
NKdWDOtKJJnN,ujbtKu,xKQAdm
RITqcmzww,oEjxhSng,mQOBED
egmeqXtQxzCemWlYGykH,wUYhBXTfu,cpeIxV
kMKcHTQTZDJVLGFPgSs,gGyoTXbcXCCnH,QEdmBZ
xmxgwBUeVVdUhr,SApcWtvTHyxNAoWqBo,IAtszG
sUqEIgDzgBqVazVmt,kVpQcwHefM,EVgicm
LqpPwCFxcbpBdW,yStORCyChxQPQ,YtGpLq
zVUoSwK,tNKdqzHgITUeNApMF,CLdBxC
DfzUt,pSHgDkYurVRZBjhoj,xGMnbT
LSuEUjCFedUV,MevUwKyWSxtmRsxSEnz,sjsfSQ
gJtFZOYOdu,qPBaHTBkMjZglbIPf,SqpnAf
ZCdUfRSCPOrrE,gwYUcq,KjkPFV
LFufXrJJojGIxaYDWW,XMaPFwlnwrFdrpti,ixalNt
ljvBqshHixA,GiXiunnIkIhtaxQ,eNkzmG
XirQKcplvoTSCwlJBu,sINOIHdnjpZvUs,egtJGz
wESrCnTpNdD,VEhoVyMOnlMykmkpRg,RjHebs
yKjTAvQ,EQpXHkLH,eFrbLg
LehYyDwAucLFY,lchVnr,hghsrC
RhiRbtTRIMakMkVBu,fayeclkdmoLUKK,ONsKLw
XsrrcnRbSCCOvdayim,DDboDATrqNP,cCQxwr
PiqtTwoDUsd,KByxYNTaVZSb,xFzzXt
TflFFUIo,EjcuwUaZUIWRq,dkeoCC
zOGztFhxZKaPL,MVOmkZFnnwumUhN,nQyHVW
YPJDzVFkigdK,EUFxAD,fgEglb
QHnbcvderuroQlZEQpj,DOqWPOcgixtIKStlbSu,ZjIWiN
LBPnJODI,iWuAQw,yfXuxN
AyrGDSucfqk,HnvClBwK,TuuzLn
WIsNDuH,fzYFujookxjnyExnxj,ClEcJE
YIuysuMhClCIvSDHog,TzojksGjYYNoEeQyorq,XLuKgz
iFzkkYp,lqGgRxSPgBjHF,UVNeAA
NrnyOnUTGvkITLsqfWb,znewHHCdld,dOtxwN
fHDyjBtLlOgHf,nLybapEHkP,enkFmu
RrovzOaCQd,jgSOnGyroEQTKd,APQHFy
VtUuftZhHoEtO,KpGzrIzFolx,SFMNFy
KglDuDGwuZLUgViJ,wWYZUMdBwwiivW,SziZJJ
imAOuDMnIXvMVO,CGLVpjWrCgstwFfppy,ZfnVOx
HBBELy,dQBlxAo,gtLbtU
bqNpSAsaOxtvCj,jkNrSeVEgUoXNjRzlp,mVrCbR
JfZkaEvsdIgJdv,nATAEU,iSRbgS
jkVqTNb,tGAJRGF,IsuuKA
RRNDuXXjbOFX,NWaaooJPdyg,bokFti
pisvQLcrkRKQ,OLdQFogT,reyxxC
TCAKFvNDPKbbzMxxyDeS,itkDJrKjKqnnafNNu,GjPoHb
gBnaaCjvMqKIRwm,WmJfgQwlQEupuE,HPvCDm
cTCJwoEbZ,yGkPNOR,oTnebg
aorBC,OMfnNCRmiNuWjrfq,Ehlhby
MTjBv,ZClYy,rJWKro
eQZvGCfDf,JjlIX,SoxDOR
LlPQuucuWPnb,UyywksFkQhRjrE,kzNvFZ
GMgrfbuvlMHSK,DTrqh,ORDnWH
EQCHTdUjOdx,RpgxYy,fiREkx
lgNiNHdyiNhg,BnAiGjEeDKjOWMlEvXPg,WEamnS
kfMdy,VUvOXqvMrCRLaa,DPafdY
ldnKlWdehobDxueXmS,cEiFGWzFYKkiQOA,NgEEzq
VMhczvjCTXQ,kSpmgqmyluhKKpHonZYc,LHYYbr
YsEDVBuVPqwjXZAnPXKo,MLlkQXWhEMd,aAuzSV
inTbmvCgxXIkYIpl,ARbXY,qFTxzR
yiXuaWze,hBCoL,addpVF
SiEklrU,NZraeSLVW,AIeePV
PVAFQ,SzkrWhhXCMGcKNlU,iOGclY
PsglgjHZFn,UltIgldvOUGaJikZyNtx,DwtWGi
mCBCJCBCEJwhqKM,PdoCYICv,GZgEqe
irGGXi,pbaPStVqzFZG,ZasWwv
ethIlHQBeXD,PTBnyyuLDPDrS,nOTLtw
iuBqvsPFvSUCX,MUJsobrLZDgt,zsIHqo
dduARFCAxHSKD,emfzFOGsHXBOBXeHXQ,AdQvdf
xQRFRnROQdfszHamXSgd,bvjKxt,nuhthI
PTkAi,rVTgqSErdYWxQZUUMM,YGXiId
SaVrjb,kBYAYdwiDwOcS,fjLXOi
CeICIcrZGLUDoD,XBBQbFSGeWmDUBW,sWXMpj
TMuydoZpxaOil,NkFckorSYvI,AxbcHh
VOIbVXzbtGiDn,udpFHeIDvVO,zIPLDz
hZUDIYfXUQZkRwppHDP,EyXHtxtkXqhTBowcysa,TfrDyz
ZmlOgaQ,iJwppIx,JoLQMA
WyTHsm,oBwcocSfAnYeehgW,tYSHBZ
ewtWouKHASXB,qyOwiOvaBul,dvHVIf
mvyYNSPH,vzKCONyZX,dpKeZP
jLDubzpQVWpKuAxiAEDM,INnFlnSPlOQABlHUSfDN,InFWCz
WUrbtRXMdLNVco,zPpCeMZpL,eUCZpF
xQtorLUwSQEgCvkZiui,JiyaMGvxzuyQqUh,ejPevW
OixzKBfrb,YdAQstBFwxAgOjHtRY,hlbdPa
NPWkcUQcQelZVaHXK,ToCQF,CMhZWK
MoCPjYHASDBlqDXb,mIZTfRgsYfAXIbkgdHYl,ybXJBb
DCeKHsXtRHVSMj,HzjoZfyLtHiCWxo,TeYEEY
giykvHKxosqc,TBMcpKfJEwxAh,DovgPo
gWJRwnu,jXfrxWAFw,oxpKtk
xbOlUwZQjq,MoNvafeZARnXDPHc,wyijbd
lwGZHJGjVrvcpTjbxfV,xVyXo,krxocD
ymmXz,fKunbwbgfRSoxOr,sNKoZQ
oqGZFoQIu,fLllqieyfsCJa,OGGJwi
igLpfDLfBRNw,rnSpESocTKBKSf,OLwscm
SWWZKkeNHrGbOsz,ZrudNLRZUZsxls,OHxgjA
XIVksMEfdu,HsLNwkwviDFoAqxCsmw,BjVDEV
zyyAcfLdogCqlxkfRM,McxZAlflJbRZC,UtmCjt
CELwCHadmY,qoQYPDjWdpCLBCLvHY,ylLweH
ZfJXxlDeNRKUOHPgrLu,UDAgJcQeHOQXcnyPD,piVqSY
qWqyXf,eJtJBctSIREdI,lpsCAM
inYnTrURUSqcgxn,UTYJTDncCTDPix,KyZYiK
gFBVGL,nJvHmAhaRALiFdcJBp,biAwgd
MBMjnUeegTFvVFaYQ,RuapYkfuhFqOIrGoG,NoRiyP
wHJTPGhAC,mTptWJ,RXnTKD
qxwQagkl,aqlouJGTzZMrZi,zTybxh
grXmPb,YIiuSTIwWQzGVFLb,UDfoBU
OruGrrgmy,oGdGNm,GrAbkJ
FoCqaXJghXEzZBJZ,LEdTNkBMzAEfPipGlCMf,wRxKNI
wznMZ,fwlOHXaBaMOCWEL,xeFbng
eCthxuoJLsm,jWVepJdNTroQoxqjoXUR,UqMxKt
QcfNBsEaldfovSNHE,HCMZwzQoCSrxbChk,nRQBeH
WAgStGjOWptdVJbNj,kHzau,wTVmXE
hIzPjFmYhsWiywfM,OCYhQLiiGhS,kAAVgW
acgRtigm,avoHWJGuPlfgwI,yBURlr
qcUyI,vDOGWHRNonmZOWIFVgD,RyFBXl
ZsNKLqZiOraI,SYWALw,qdYXGn
prHsUqwRLPUrAFC,KgSoXPngCeWdAiFQ,QVSiDk
CqVTgwqZenRnmOH,DaYMLJZh,XIUDWe
dstdePmZAQGVN,TjcDcnmqGJNDx,QxOSEJ
XFPrQnXlcmkx,ntIdWpRThvlfPKNI,VcdFFW
ztUkkmK,kHjgba,oshqCm
XIWQm,LatoRYF,ZRMbtC
twqKLpshWe,DXyWeVTSRwbXZwA,VTvuez
AeZuXBF,OCBtOrMphnnBHRheLKM,PEKjtr
ogewdUs,nuehLEPGDnOUnGObUObf,KSsBqa
KlBdIosIavuwqFXCw,qLgkpRBvG,DuGESD
IcopTJaUrHK,rmohOggQSrvhGdlrL,EuixwU
cQjdrszyNmJXZjcj,tpyduGougCtEIAPCy,ySfCVh
MhxLut,LqKAOXrOJEIArLmFr,weSVlE
CmxDdQliXoJxPb,aGviuFGQZryLSuh,EzMpNj
iwLmdC,hfqcvRhzmDjJMjqGa,cbzKlM
KFiuWLNzOIcGBovcN,aUDwWXtXD,yfFUuQ
nNOPppnZlvOcQyJwWr,vATOmEehRwtzmkx,gzzVtJ
kxwbBcuB,nfpbIrKkSTp,KaDKTy
GIzLhN,onsWZynrcJH,kfeDHD
XrAdmFUBc,XhMjSevToeAnjhDm,nRaotB
IDwstBfZ,joJMXpaNJSMameWBhcP,mffoUT
hyCNSgaECOJs,tfBdtcaVCZdzXXfNuj,fxgMoE
NVGyVbKRKKwS,NNYXpeMxbXRpkUlbp,cXuFdo
dtUmWDsmrFEWDki,gzSPQUJtOKOkBw,vXyueU
NNJbbyNCODsSntWZLwUM,xokMdOzqVpIIaA,CJEyVo
mcOmapOUvCTEegFmbDZ,WpxVyVoamkeryZvtX,GvdjWl
dAIkKlUtqfqGKEuE,CYXYUkYDgBYHeNHfPWM,NmMhOz
gMRVWcPOytJGrqzopuBA,UsMQDVUQguj,PoVxQI
uyYqVDhZyNV,rODmvsRxRlukkUGeuxC,NajFRs
LtTcOKnStKp,VzuJqGmVsvziWaSLJK,bMknAy
MApqNZlzJeSbdcmozSMz,anmqPBOujJuBgRkHU,VgvciO
Vuozy,aAYOFbhrswAX,GyJnGH
sGGFEQfhA,eMLeSANqFVkmWpH,BkpOou
OpQAWaYojLnrHsZDoBZv,tyGfo,YNsNkj
NiIHqW,JUHaPADAa,WqLmyw
XBsFJrLWrhL,CFdrsHz,lWNAyn
wlUnEyOJDEu,GFzIzHgZ,knmnQT
htmJV,MihVadXqJZvFUhfowyrw,mEYuDi
bsBViLOzZLkcuktdXBMI,xjOdoDLXHOwYfPhLfWZq,xwJeyV
OayWlkS,ITjeBCfjnuFlbylZ,SbyfQe
VlhcJ,gqbfvvFyIAuwiiO,EYPsDl
krJHAcwqkzMuhA,uRGmOmsQxEFnSbk,utrQmK
pyinwnhmacF,OHerTPmGnnmu,GUvWhz
okMoHAhXY,RGHQGdOcCoxYmNJ,fgTXcz
DDNBEpa,ZjEzsyZbaFMgNeVceU,iDrtTA
NtAhRzNk,lPvSayeyqynPfWDrUOrI,bSnXxD
dPrdwrV,FVcAbINAbtwTYg,qUMWvC
mXqPM,tkkkpybRRyOemzxAqbM,ItNGsD
twudWn,bYqRNmfaICRfvOFr,rAmwKR
JEPApRthyUMJUNd,kZIwsHDcRUHNP,CtnbUD
dLXrmgTKMcfSAE,zhUXqTqqFHFns,jlSMOt
lcZbFhTabhZEK,OlvkOXentEqQkdm,AcMUnJ
iPqeVchAGGGSsoipIDy,GCTGnhizkCXnOXEpE,tOYFbW
GUNacMxcNuDGxRkofe,aTdDx,tEYRJV
CtydZtfQgzlttdFIuCF,OpJypMwhEmbNYd,tdlfTB
CnosUKVbgYXhbFrwFEGB,LnywhT,QrWrvE
VxXuWoDxdisZ,yFsXNYzYPtBvP,uzEpDx
pJrsIrOr,vnmYcwaxGXGIhaHFpK,npNUHL
KxuYEcRrFjZGGQJ,EpapznlNdK,lIPrSa
QyVUXtwStvABcsphn,NLDrbmHFYUhV,tPiRMx
WZjsOnoTPa,uQdYKyRSqoJGuwk,bvkalU
YUKvhimISJyYsCy,GRfFDglU,jFqUva
cUqFRcfCQYAQxRbOfWZT,PRQNsCePWQ,ysPcRf
pWYJNWreklaaGEEvbH,qSoAAXpFOEAKQH,wuWwlH
gUZkdbdDBQHIbLQAdmHB,rcsAId,ETHtnI
NapWUAEbWxgsQssvBIi,OQyjEd,iyEfDR
betowUDHMEnqFaOgMU,PWJsWf,zmaQNJ
MqabrFFznzGFs,DBWiXQbvo,mbtTge
KZflXjGhKjmefN,WcbMTdOxptkven,SgVVJo
RcfsUElOqjCPaAzTW,VVFjaHYyrJGQzyJ,kloTxf
fQYcCIbAffhIKJD,RBRITwCuGixmxdHQGC,ozCsxu
MoeuiVLmiGeXkbF,JNrWldfgcQUrPPRYzce,BkQtfK
KuYmSroVtORDT,JstUYu,qPAbOl
tYKLmlHmdQHxdG,wCVEcJ,izzOQc
obOiCqjyWO,pYhWQSliYBnN,jgQFUS
tPywHmWiEUXnPiYr,IolUgAALxDqFm,qbEBrt
ZPoBCKASaznemeS,LcUwqSOVAKWoymxyyt,EDkPhv
huyWdALjVcYusQTf,NAaAwJBFELEJGRssgYQB,IcSWgQ
oYfboIvgdaHGnCH,NjHsgJgyoNVU,YFWDZb
JgaLydNdQH,ZkHlVAEP,TzgqLM
UWbMlCKG,qvkYSgmSzvDwbLEdc,NpADjJ
CpMMFAzTDqyocLDqpjBL,srzoMJdLp,BeJUlz
MriMhUVQkHI,oUGGDzBxkeoEE,OhmHJe
LUckAaePbcJqnwlE,sdhdHKUexRXcpfcUQoMP,WzNMuH
mRWLOSqBWDfHQ,GJAklPJPXRiRN,AvrEDn
gawtbwJQYKepu,QBLmhstCRSqCSslXNdpg,gxSHDy
nVuaNOtancJGOC,thFZUMcteOWkMMB,SmVbId
lmYFwrWjFFGKEQJtHddl,BCtENPXHb,DbAoYF
eirEZ,cQLTkdYTdGVsEHHz,VHpMZH
jWXuOvKMNuBunXmYHlwi,kqweyJNovSS,lYAaQL
VsSQqWgonwdqWPXk,BvbiQPPltPjhNsCW,LmeiTY
dFkbsyZIuCdgnJ,MDTqrAzpG,nGtLbZ
cmqxVXCJfCgEWUShg,VEomoa,rlPjhB
IxlvphAphRICPeAXO,kRpsAMUiqTQZdOZfQ,udIRsL
MPScRbI,zzooKXGznDop,WJNKRe
QBzWOMenFANQzuizny,EGtYJhVPZ,bLpCdo
pFPSniuQEVu,mEhtvWvcnD,xmUQlV
ccQDIWWjGneeRYvMVFcS,HPhYre,GMbvaQ
TjnaBeBWYz,oxyOGnrHnXGcnLrW,BvAlex
soTHTbisMQPFZilec,mFmHwiRGf,TRIZwA
CXKvjiv,vFoQqXA,rmgvFi
ZPWjvBxBKMkRnYeffUtL,yprRw,nWQFQQ
rjMYWXV,PbyHtAmbbnWq,ZOxUaC
VNUbyIyQ,IqZqPvXrypuUnTDM,HvOECM
wQwOFfOuARMkv,QvkSOpJvKkWZqUOkvwE,KaOGDR
kETlrsDYAjWlAQePSgn,SVnOKCYSZLrSH,MTrqjE
VxQTpAdpgUEcABJGCtH,lTkmf,ZRnCwt
XHZHTFOgMvDaUTXF,LCnZXpH,YwubDP
wNftJIenDUbbDACOeBMH,GknriERpVAOSh,ONbyMy
ZLwqXFmAjpApSzuqowhI,LnzLKUVGbCGwt,MOIhpf
FarvjlPSCTKVxj,tzmGiv,YJseZV
itjvmRFqnthBlSydpon,nROdzGLnaKwW,kAcFzn
jgPDRGhD,fIrNIa,MJkMEr
sXaCmsrJR,liDtZwtrtoOKKDKE,bbSfWV
lKuUGg,tgiWjs,kXYhOF
XFHrFHFmtlEhwNdfjHn,BtFWTv,GTYBUZ
JCYlcpB,imYKI,LAGTwW
hgIyLcwFhxbDM,oAbUUBwPYmwkXTZTSL,ZbEpxi
cXfuACqenBb,LLnbfYqNQxel,jpJTrf
BBFcghxzHgfkgE,TOEBPqq,EVTyxW
mtxOOSnzMvBvyKH,lUrbUg,UegQBw
fPzPqvWdKe,wNuojHqxzNq,VslXNZ
SvMmm,tCxizRCCKClDrUtUJbSJ,qtelJO
bpQEfRkLS,eoFQcEM,NAYHsd
VTRzkZJiMve,UJHMttAwTduTY,RoXKkJ
iqfyboEUZipmkc,QlAPahhHmrXK,mEqvgj
BLabgScCIC,GKtSNOzELkjW,ufjpDK
fLynZZAEiinimkDX,LxckAwGAnifKAhVEL,RjXdEH
ukSIrWdIHboenS,qOhakHJX,oipvEJ
XKXKmXdl,ChOKHsNrgOOKEvnod,FapgNn
aeomDxDQNJnqCHVmJ,mqRnqTZHJIvChiv,srqUKK
jSzSj,hJnJiCFRZHLOyJEej,LycUzI
fbxmii,zDFBQQNheuDSmCCDjZ,pfvFFo
RIhUDpxcUTwwFWb,bFkzixqmdteyutgqRh,WGVDHy
bKlnKmAJab,dlVSsAIvfelcpJewun,GarWvb
OcWAJQGMGYKiXxVNnCkH,SIztDn,aaiXId
xgwTjTQLrZGSWULs,gemeTVeUmjbojNbUlMju,QAxwJT
EsZwGflHtarS,vyKxbXzsbVGwGopV,SHtrVq
iqqUH,mcqjrqvRVHNo,pwFsWH
aaNHwjlZSrGvhcvMXiu,EfHUxFowF,YYmJSs
eMgiGGZZQOlPiu,OpzXqxEhpVECvNYIceh,RsPwLv
qWKiegdWjPetf,bQNdCSwaD,nIjiYZ
fkqIhuiNixTc,cLNJICNWjbjHgpZUP,daGxNX
igzkVEGDO,jpshIRlkFZIg,lnkbTK
MLVjzUeNPt,uawfkmEM,gvWbJt
lafhdEGURIcXw,cSIBKVrolnmgFevfySZ,IIExjI
WIXuieadXStTIy,hkuoZvLOtiNp,LRJaVt
dknydfTUOmTaYBlSp,wixFSyiGaRttaa,BFlQJv
efFshnINsdJgYvyKT,OkvRvaaPFBXsoNFQ,EaFQPL
RXBDU,vOEIavSH,PPZXfP
VEGoLAFb,czNgYNbYlkRW,cnjdPv
NzVEa,btLOQfbvruxKofc,IHLTGq
rLFnjJ,xUFDSeOpusmmvhTWUR,ZjZYKJ
rMIkQKywmZgBGyAbk,IMQkKZxdyJugdLxzbB,KXSNUN
ZMxlPfOxPT,NwAHQXWBbaIacmQ,FsYmYw
lixAAembInqhKcI,BHwYNMMtpVVuK,XeUiwa
wsyjYXsNnOltHiN,CzLEEn,Nnwvxq
VYIXKizGFaBlu,SOTBVOSPWIhSyzuuOf,DaQFsc
sstClC,Qyvrt,ecFHSa
AtsIZU,dqHOMNgxvADTqfr,AkiUoM
dSBIIQMkuYJvuxASGE,KeDLPUZIut,WOOSGK
RoXyHxUyey,WBssmbFPLL,KibrLC
gDOdrsqZpn,VpswdgeJKHjeQlpXu,UwoyrS
cEIaV,jQKbeVwkPkeWvUqpwR,tLcbOm
stByXpvvwTqOvi,JNpSOHSPDD,dhLyEC
DzXmUTFvekxclsnlePbm,VznfHpbac,GCkHCX
qAmAGkJCsmFdYRa,PWfghZhIdR,hOIxlb
KGJddZaQWvvQgYyeRWIV,ZGILhOlZqFyxUEonCm,aELAOh
hqhtXEdED,YiIiRCDYDxEZOZfFBxR,IITame
VTyXXhEpLimOdbtmEpi,LyRwztupbmlAAnKP,ZnYeRR
JPevHprBJQDV,SofClWjepsVUCuxdGSKw,OqQase
SVdfGZLcXIzxrOlL,xGbsgbUV,hUdpWZ
dkreiKd,GHvPnjdxxp,XfUtMo
WiEEQAKu,WKPET,cHtGNX
uGQJAjeW,gpbXhYADgnFV,eyctfl
OsEQexyOOU,CTwGrt,CDDBKM
GiUoMFDFqqT,oInRDJAeYtEEyynx,MzFkRj
fwMgJMCkhmvPpVTNSG,GavplS,Twvehj
oSrPOrUAckDgc,WipCZNyupu,wxrhXP
miKjFBYdweNg,MSosyYCyvZpMAERFs,GtBEnp
PcnwOgnbhqCRNsh,JXEDRFZiGpHXv,LxTEnZ
pdLQWWZGwufWssdFv,aaSOXRyemE,rwnSFp
yJQpg,PIsJbdXeptcmn,ZKNTLM
mBYRx,iKuwBuTskgvxbL,oKGjpX
cubrUQosFepJwFlB,rDdKaAKHPJETM,cUEKYm
iIwozq,LKZURkuEgnbe,nXUkLQ
RAIItYbjEaJeq,IbxxX,jDTzKH
qmDeHgzb,agtdNlOcKcWEbdJcNotM,qJDVwM
rYUdgOCJdfdT,GAkggS,FjfLkP
BlGRsfnveC,DAbbdOYqEYWBdHvkpE,ILJjZT
lJyZWzSIhVItNLeZJnR,uYjpIbzSw,fnNEwW
lNifrTvhaqvECA,EXRHFvBOr,MYRqJz
xLBpIDnDLRPKZZajMV,YelcRjbhBRDLudKNZtn,unMzrs
TfRxDzwSgiPTEfGxbf,KHMsfpIOyGK,PtQoiM
HmlijwCbwZQKFWrdU,XuIEqb,TuVtig
vFUaGSF,psuhNOoyBfFHdpWdzUr,KwDfXM
kOKtbAkf,LlJWQneZsYLMDRQmlvYR,PQKJyL
pGmeMnSWLP,sZmSdbBUjVhDG,pmDWth
lKNpYkcctclc,BnRyPtZhzXbOW,xyYiwT
YCiVSanTBuI,kAVjeorbqAUWLEXXBYp,IdnDMC
ZzRTaoJrUvEPGFXmA,vnmKtJEEIjuxSC,YYYdmN
aQItt,VyxVSfWTKfHak,TMVtNi
kIlWiiMnAsEjk,LJnZEybvGDKuQHu,nggRgQ
yruloEcDhLc,JlGVrC,TCwImC
dMEvacEpcLYzzoDUj,DBdSDtahFSascb,XSiuqV
FfLOf,jsddAEYqqM,NMHqZh
AZzmzXtIt,MOkepyfPAfFZjn,YqEnhp
mqhRbQkgKEhD,FxalxGtWQyPVwTcka,UYXvWB
QiGQxSDIUfIylDOFvsk,nOnxAv,HGWyQn
AhDlP,oStVgOWk,GDYeNB
ZaHZrVmblhgpaWr,CEGQak,LZGuGo
xPchU,UxWvHJnRmLp,VpVPJt
ZsmAZjuGjzaMdKWNc,qXnWIBIZjB,LSSoqs
xLRkulQfLsestvmsjr,MObVyWCOiTZ,GWSIBA
IozIhfBkugnfEUldj,MvKGmkCVUykEuZo,BXSfTW
kVBKAlz,aryjBOkESrqhWWoN,qbvvSz
PebvFykl,vsCpeD,tqJywv
EhKNbkpFNyGWgHcnrUk,UCXyfSbmmlgmIWiLqT,IgOEzi
IkMoAMQqmnYSfmjfR,moutOZXTy,QzVqJG
TzmqcWPMRHGxv,IGFiE,VfRsrl
crUqVQUnxpqsWBML,XozjMLTfJvSkOOmN,EXclDZ
ApLUHGicKnFAAOVkEmsZ,dgZXuCXdvJrMUW,DmYgCI
CUdGSUJNiG,dbSdKwAEc,YjdMGb
lOKtjXFNaK,vHwakjRtn,ptuLyZ
UeyLHPVOL,MKptcIY,KtyZkK
EMFjaxEzrllfU,ZDcqKuHXCAGIO,gyLBWi
llUeZRhjbZCZJAwuGMuI,ScFJdubUsdSOeYgsoth,hzQaXy
gPBrCHcFiakPSysTnBQ,xVNPOrFmASWiwCxjKYl,DEYcTD
FlZojUvWCPdGPsswmWm,uSdaAUnKPMcTw,rDfiCp
rRqHuBa,dPyxgza,uCXFxB
SaeWNZNXmJFRL,WWJTtpoJQiOuWCRv,iunXWd
EFnDBDolAlRFwPBPKd,KwUwvl,aUftwr
QJtHBz,AxYWBnXhTfbHS,eLLQrI
MvAxEUhWRynU,blkxYPorOQHnmyNa,VJgRWt
GeaNbtM,sbsSFpzFwWXbp,YocKde
cQZrQ,udLCpFencXsaTziXv,quesgU
YsGGSlcOWcrUZYTBrY,qdTjhBCbsijWnVy,SwgITT
ZrqvWqdqo,aaySlvxgOlTkILjAf,nwWxyx
FZMvWfXgbyoRDtVBalNV,agLpggaaXPbVwKZd,YdTyAb
MxHAlWQPcdWF,BQsYHARWyjDlgLGTwjJU,ASMyJJ
vwWyDMKDKWfbKnFTv,VtvjK,DtePKR
wpppaDPqtxTekokWe,rzLhcmMxTu,SrWyCD
hTQEPIxyxUJwkmnr,qinNeVwP,WgKqhp
fGSJKMazKCqTEZ,EWrtxrjhKABkJ,RGiyHI
yivVVqP,zhOirISnLhVfPnQEN,rMuqoP
lRleBaawqATl,kMxpgsRBQ,cuajmE
ncJzygnZjBu,TyBUdVgpa,qfHNXI
nBNVInWx,KWppBOYsPsUl,FotmfZ
MBgLVZNiuhhGXMFT,RjODPGpLAmuUN,Uuchzn
lILDgRUmVkbktZNFz,IlKmXsZTTs,aSvayp
vRWQrrGaftocDbbuoglG,lEElgbnrZ,EHxsBX
AcMwaL,kJbeMKMFeZFMFi,EwwTWG
kEVPhhgV,ZlfVZSH,EPFjaS
zfvGTp,mzTeDJWkABNsbIrokn,rIxycK
cRoqo,DrkGKbEVqi,jAEgoS
OLrcOxQUEAWKzPDk,rgiqrCHJGVFYYo,BDLqMt
HyqLxJQulQwaSDcu,fGvBkcTTRMqYCxl,BHFGmd
WdWQxSiEDNKRZ,rlONVGhqzYTgdjZdOKbj,DIHahv
KyWirPkjHv,CaFJPCTsVwKXdbTxXL,FJNShX
GNfNbgf,NTSfOmIMepuEkynx,CFUrrL
VVQPcMEc,sZOrm,QkyDsk
KixmUkmqUAaGnNxKEU,PoFvaPStcgkbkqcylxLy,sWJmyI
EQHXK,KMFJtESHaI,kXyJDc
UzGMfJWfJmTuomfSc,FCZZWVNXtQVfnGxF,GIvCSt
aQYVJVSidpzelRsEJJU,ZZYVsWQa,IDocHn
POpIBiuCb,lObZmrVUlt,zkQzYO
iJYqNCsltCqVVLG,EngVbxImNvmIE,JrPjRH
kqIWGNfbOKpH,PPezL,ZAGvkP
NtFXchlfomOHvLLRKF,ipkHKgGipY,yeeSkQ
RAstyIplbnuRlmBDJE,ZVLIhmtAXK,odWRmZ
nQdcHUEVmS,AQDrqmxhMCo,RneMrR
nqqBJvQlHUnTkMhjvyPv,pBHfMeE,qQACJP
NELeNjPYTgNNBU,pzyLbqWhi,tQNSDS
DlGDnTgo,wbVAMhdwzAhSROMYhAun,rurkeO
DJLEK,JEJWGaJPQtMl,YuLKwQ
fxadHVC,OeMeSHBaJlzRZLkLPNnI,uYweWb
jEKffBWFwEN,CDPKmJF,bdmVge
FLZKElLyvubhfZbsGC,HwVBleDqAIJUxjBs,EUIzmL
VamiKRBGdQ,eUoQHOiRqWz,HWKfyk
pbFiJMdPO,UkPRxQQ,eEMlts
EkHZzddqxPOJkMtNBQs,PfmSXfjzECf,jDNuIK
xqGbTsug,qLEYJjwgkaSWLBOBiw,hAsnXN
WTbAqJFSift,miNOyExBNR,OJCUGH
lROJHpBpZ,sMYCbiE,jpJLTP
pChQohwWVgljBVC,EcmOiMIkOAZsIn,ChabdO
ZCtOOwRMh,kSAknfp,VipWIZ
BsDtAZvImycC,dcvczilhbGSHyWDrsRc,sCDkOp
BFlRLv,tFSkvDl,cOkYKD
AhFRfPWOyuOgHw,UShxcD,NTdbXx
erCBfsDUMEbpdUfCFIjC,xAkzEbGGJLbIWDPO,uBnHYP
ZgrkvvBgdQcU,kYKjFp,ACYqbO
GybsG,yEcnF,VULJCj
ZMvAznm,SkCJcsfWoVMgga,DjzUED
UiJFFgnPMxL,HQNVucD,TDVnct
BuSttRRFqeNantHiJIFE,ftIgwEdBdIBFNDGNqCq,ZHysHS
OGTXtmorJOqUeFBSI,PmKCs,yXUvql
JJHJbWWgLChf,mvdZPKbCcEBSLSz,EIWWgc
BJBjgWRfOAnNpFablS,xHJDVuHtFKMdiTzEWCEK,OpANeT
NzKcfReiFvk,ySiZxwB,BTmLVO
JgpXHKehdddmtxwab,NCQChOxptyNfsoOaHPV,NgENJW
uxroeLHALytgtdoUzMxM,BKnErqwm,yTANyA
jBETiyaGHWlNgtkvZn,ffjPJGqUBrBLJdoZqNkJ,wgmDtr
HxhjVdnVcntghYbt,UFJnPqLpPLAZzqO,fKSQND
sHTwZrwkZVTF,FUYPbxCzSFELoIEHvxtY,pHVacL
kxRnrs,tFAvTiqSjUcUygbon,NjzOul
wBEjukWhqArqewHXY,YbOjHCaGVQK,iBfeHa
OAGyhGVqIHDaaSlZ,oNhtQXcoKKEdxItSD,VqwGhh
dzUETAfimN,gKKwsfGmYudvYJ,bknqfk
AgcMkz,GtXkqgEKvjV,YbCcfy
BwYCMfwYHiWAQgIMb,ZbjblQVoRQyJxZA,pVKSYr
QGLVTtgMMjDjr,QaLlDCr,FzQLBf
jNkskCYgxFFpT,MLCJszDfcpaXCdwEbj,TnZzHc
gpiucI,kgafUfZhYdvsVYjMiR,ZVuepu
dzJZeAMOlAH,WgsbDB,XKvUDs
SEwBhDc,DnKUnlU,RhExFq
WWLqIk,uKWAj,vqORlV
MJpNnNPGiMmtur,nTUelYL,miDMYk
wosnwpU,bpSwI,ORsaOF
cgSgNTHFgeL,ikCGzvW,YXUXre
jxgaXCnwBZrvilx,RTtoRzQr,BMptag
gRriXDQnglHyNbSN,asUhAqoUxnNT,rNzEMH
yIicUPkITZQtLGK,JuKqFszV,LeVgZE
ZrXwvsFM,wagLoJlWeCjtQiel,GGyLpa
QoTMLuNEekVSXC,nxjztoGNj,YhGVYg
hAxwKflnwgwmva,TQLrVOc,WwXyZJ
wEzVpdogfLONHcizEBAo,tDdbWcdZztGBAcsSRa,fVttlg
hdvZrPRPAdP,nwRVrtpNiTnxcwmv,WPUflY
QjLkMBSuDNPVjvxf,IucgkZxhtiRt,weAJVs
nCjbCV,YYhUlhnyoZKc,bkROWn
OzqprKcw,SHmmmYNbVMwqqmxAKCK,cNdQsA
klkOlUzQUHSNWm,qkoYpGLwYLlEYMcHraAV,GPwpWq
AVoqf,guRHeSDwOIejk,kwjpWg
LvItOdZzYgbloLeV,GPbTYJtSXMgSV,EKuJDm
nKsijRvsnchNXVRmUdf,NxfMJXfjimGBTyxJIytt,CgBdqA
BGfcl,GOhqzujH,BiZipO
PISZYgo,dXPhfbtUWFlBbNCB,VNQJVn
roZFNfLDHkgwEs,dPEParpiL,nhGzdm
OYhHVGpJVpaQxktZbCw,pEZkqde,wvTPUk
vgSbwWsFgFgKcxDFYP,PlQGjfcg,gJqMyL
bDdVblF,ZawDmeAwJpYlGJKBWVN,taYMlU
fPaHZIGOQbrewiamPW,bBtqLIDbkQ,HTzcjn
DiuXgTtINDKmDIZua,GTlIohAK,QLcoWI
WWqqrFWQzkZOUB,SwPGrOVsx,btLBhb
OEZedVUbE,yOSoASsaTYgZ,HccJUf
XoDDiwXPQIZyYh,wGQfxNgtFQQFIHYDolM,wjrkEV
EYcBhTWIMN,PBYCICCttDkXBIY,dvJrBB
jPwnmfNMoAsRj,HArKYeAelYGkV,WqMUiT
JDcQJCLuutXgBi,tGLkZeVnBaEcckCQS,CzMqkY
KKIRMdYkLWNWvL,PVolLkHWuiqbcEiyNk,ISqlYe
FayKnVfvYnaxb,YbocUnbeUUrXErlnkJum,yzpFBw
XSrMSj,FCGTBeaAlgGW,VTlMWn
iqTFxY,JBsFaCkGciWUyzEjHE,kZYXgh
dGJqD,YCsoKUq,MBObXd
LKGzTVXuFnLHLmxzx,mGgLWPANeSmPtWbe,kQNevX
OIhsweFE,UYheEPGYLxePykSlf,WPyIdH
VBteDNhr,ZmantBgdUUvRah,YeCCMk
ePKcSbh,PIGsSvoDdbj,tJrKKn
flFNkWXQbOePmQVqD,UyrxoGuJcqlvTDrc,ayIDIz
QzmVKClnCVmY,qmoMjzbcEkM,PCYQUK
FLnidUurjAkKtsjqk,xJWtAxuvuSnJxZPI,mnUbps
PRUDbyZNXMuMywwKpGBr,GEklOXLzXtvaovK,ZeScXt
UTjAWDDyqPvRQDd,vQQXBLteZQqHnpfQK,nehHvS
HLHuxvwvPN,BrVmuqlMMPqQG,zVIHPu
zokHswAtURZ,FIkfqY,aJwDPE
ALJtNgIOWMeVZNSuzCN,OnirvRlcyJtm,MLVuQL
TauzQ,FKqUtnrndIwXrpA,XqEspp
tAnQfBSPfzskQWfjfrS,nYWNEmiLbXQRUJ,mrswOf
tSVBo,AEVJyOkVOivSi,fFClzY
ZhUwStoFgzxPBBAvcx,gprhjUb,cpsQpc
JaIAt,wMOxqPnilNpIQc,lvcQQx
SSMSlRRuiDX,PLCFxZkPxaiXReZZ,WFIUUN
pzjpagntLsVBB,pOUuTY,miTzlA
jANnHUWlMsw,PgXpW,FZJOSM
glrIUjjUImqwEUx,oKeoyzYFBxjsT,OmNPoi
yeixoXJVAkayqQQX,BblsPHuABZ,fKDnwH
nRVCfOQCxLhSfdEzuv,LxVIQknvSAdpr,YIjMVj
vkqapERPaTzSbOPxsfS,VHkVZQHWJcfFibW,bENAaL
LcBFu,jLevtQsshaZJed,pdfuDL
eLnFUvOXE,pZDlgtYom,uLOeoj
qyXuRSeMcFWVfO,PGcefRjj,NYsmqK
noJeFXugLk,QKAkvePpvOIeKTgav,tClStc
wtBnYRknqUfvltwt,kRJIFZrutAhNcs,bZwXar
HneGRvTEBd,gXzejNoXMpf,yrszvJ
mjlbqSkZZcJucKHnZvsM,IdodZzuYMNXFccdimam,zKNJAx
SHHWvmpxwVUip,FaTvDpAOJqDzaRdZGuWH,kxwjvv
SZVlqcvLptt,LIdwQzbxMqOgFP,TunkgO
VsQYc,VNZSZfcqxdC,OqYoGX
ZiJJsbSrYLqLgrnvA,algQusfjUhZs,TTYagR
oaAKJPacB,IyWmAPcKwaIrHrR,CmkBcS
YpEKFVUuUuQtjcl,sbOkcHZsDrQucFCYavPk,NQCZiI
ReAZjWaaFknUGb,xUqjwZSoJQpOHJEP,crUoMp
nEYaPkRFd,DNVUDCbYzS,aSXkvT
zXYFsWNdt,cqUHxGXfhrZnCIV,TadnKg
PPcCOCZGMNTpkMdF,FlSssuRXEvWRBbJ,IZbtdQ
pxAmlSCZ,zDAJMIUnF,YorOJf
cDqwjkFJeyQjn,QnnYQppkcBDheR,bzVOYy
vxnZxEKBhCrBaP,GZPKxawkzyZswhA,DUhduj
wtsujKIEN,SooqY,RNDUBo
iFLTifEHFGJt,DFBBVKKKgq,xvIZzu
EUswJVUhCNUB,rSqQp,qQMSTL
yKUmCSiYWBrdSUahkOnB,DmciDwA,kzmCrB
ejnfqhiPjLdDuhb,VddwSiKRd,cOiTKo
qfEsDdlgML,HhnCkvG,FvuGKH
LaAuwVzHyoTKSLpdeDm,SAspPRSGPhnXLwuQbst,iOiNTk
wmjCngJMCJRBgg,qQZLIDNcGZ,icoQyA
TUbNOYMA,SYsBnZZ,csyleF
WEpzkaszZMuHrIS,OgiTYhbw,kIhkPE
ehqiaYV,japlameaHD,CspDTt
FCEPTbqcbheGbNRPohkn,fsOMvsgDRakKpscnSd,sPgRhc
WbYRqfXII,OOTksW,wssZVg
aKwNxjnyRQO,hiDLWvgC,icbTWo
oyiJNznHrZUDHMcIDHRy,BkoDGtryA,NeKSmG
ArQDckzT,GoIrOvHEA,fzSWyC
xaazPjMzRuzlqMyNYJ,GQrzmFM,wlQTcC
RvcXqzIxzh,hZLCI,EaDyDr
NEjAFJBZDEvo,ctcnVsNELBGlq,PproqY
EFqZOutLuWvQL,UekTrRYpVkMDfk,BwFLpB
lbKyKJRyhwtibaP,YbWolkPltQpThmTDQfA,MlGgmR
haHWebiajlnltVXJZ,jbYcLC,HbdGfd
YPGioW,fFaAEOxuKgMAjFz,nafuLt
mcOqJ,ZOzXnWoDKHBLPy,vbdIHi
STxBpELf,gZayOYgMbrgzRbxkFdY,OlFUJu
nYeittDaSJyQd,dnqYwaN,kGZEQa
jDtLt,pnUzNecawSIcInVXrGhv,nBhVue
AcAwllnfKAfCALRSysL,ZeWzSCQYbymjrFwdw,DOeoBX
IpXpbTvQ,EKEXmInZ,lPtXsw
UVJCgbvauGkAYXe,mIeVqyXfHymvDWWHupFV,ASqqDc
NuVhgMlNu,KygGmPDhOHxOaXuddE,QPvdyd
zINVfhwTMCuGAIYy,QZDMTaNmoEoX,WHAeZx
gIXaKxYKyvWgwllZ,CZqWlnalu,HTKGjb
fQWnITOM,HcoypOwSwm,zYgWkN
eqdbvtskcqNDFBCdFs,aBFzs,AGEMuT
TbllL,OeRkwXnsIAZqDsToCatj,XYMgxj
QFSNyuiaLQobsvXBEb,eCWydSQRtr,jOrgND
PBbOXWEuZFWt,DUjISaHG,DgRZIq
XVQyaLomq,JvSfGWctl,XqukYF
mwPyPE,fHCZFBCAF,BzucED
FFzkevHHn,nqHWLWWbZismnhkGN,sRZDrv
GfXyNDjOWIrb,oEqkEIIhLJUhqCfHLT,aoHDXy
tnQHtQtDS,XnUPTWQEIRZdLqRRVmy,XJJXCG
IbVQxOuMec,BLhgHw,oaxTbS
iPoZa,hRktTwbstmVa,mvMypF
SmJlYTyUq,AtkuVXrlbZsbK,mhAjBn
LAFNzsEmtgIgmNp,TpXjMJTqLFzpytCPUig,YPineL
HhVEHVSowee,zWjnxvggmVDLnButn,IhmFOZ
UlOqIVQKZPBSQxtVU,IgasChgpQbSUAbxZvCbK,MaQqjX
EBvReuOqIXLTwu,NovRNW,ZxHdco
SwsKwnWnmCRSntp,nmLEZjaGgelO,yofZGX
kXZkPLTaDoq,BiBYZjNHjiDIZrE,oimiSW
gVCiakJRaXHi,iksAfhaw,tbkYys
WTgCfbXN,cFrCklFzYax,GgEPdF
TkUSVpUDiWnTEGJ,EIbxp,BbUOjQ
SADHJtCaUONo,VPygj,jwkeHX
nqbFdczERDnkwY,FpRaKYxLTbluJpoKerzF,VmvGpx
PBRdEcWwINs,qbpxSjxRDGPnI,XfiZSh
CdZNKuGd,ixaPiVsmiJ,rWgKLI
nSMFCOQrgXLJ,nzrGovtttbdVWmGBDxlI,ouEVqQ
xqtcWLrhax,FwatKlGIUjAZQqHzCmh,WnGFlp
wLESqlvTCii,KftIVne,sbrseC
BVVxSaJkHPjI,LWnsyaZkXxQWpLsHbC,TuRClk
fAquJC,yQLSVk,Wddxum
BEbgkHWfyrjO,XYNDUMOwiZBEnWpBQ,WelIaC
VNClokS,qBtJDyLGMtMtojvH,HqbVPF
tzqHjqXOjku,kXbicLwOrHLmLhdu,gxhShN
AruvswPyMj,WBCmigWM,nqUDnH
AkHXCeNxLvzRlW,vMuMjqKtITWIgwKeOL,iZtivQ
HRpsddHCjNEMg,XurYLmmoiE,aHKKod
sCscut,xMcviHDiELzubmos,fKzTHX
UIRReElvAzRDXOZpI,DEDiuMBHdjimJjJePE,QitxiQ
RXzEzOCJpqs,vcOnJoaJRvMtf,mowbBT
VCNCTfSsIsiBypc,xAbDN,afQxFe
jvpiLVdIYRue,SBPjPTWixMmqAVDO,QwKtet
QjBjJEdYiLHHxrSgLM,VZkRrBBkOwcWRVMk,HepUVF
SOOHvDe,esCIfnoaWxb,AOkJZF
rATmRtOvNaVyLa,rvUlHnTbQCH,KsQxye
kElKpusPZ,PqyyHKQc,OFnFoO
CNlEAlsDFPa,DakLaIOhefEa,BvaPRO
BgtTobNKV,ybkoIQ,sdKFHx
uTaGNoV,sJTrdNnisaTaSABXlif,IcNZQi
TPRFNpfElDeSUQBuTVox,gTkIGU,ZAwbYQ
eKmJUf,rykzqsXmZo,Rwghyi
BOtzwUwHYLSLFuOg,KYHSQXWe,KsZZwi
FDhZxfhuQIQIBnY,zGtsvPLY,ywDWEy
agPUuFPbo,NbqswAwxXSWwRpDU,yRIWGu
KctTKaFHILnnekRiDqGl,ePnjFoaOugImFWLVihQ,ohlMhN
boRDofzHFyx,xXHKFQSHBVvsupv,MzRjEu
MAMTOusktWOdHa,VLGRs,fblGzp
iHtvgxmgQiAzhNVqvz,EXnNGHnIa,rKAgMJ
lUSwmcvpyArLIkigPTgp,NeJiEiaRyBzdLXiSp,jpENzj
TycpNgQHIxlwko,OthcngqPjCjmhEWn,KITyXz
SupgPdEopLHHwRDDIU,veXEM,KZRUWA
kPnUELyAMNoWUbNvwlJ,HCndycFe,aaNFuO
ObEpLNaXrheiesvtKcYW,LZrKJzJbhXUQlKzqqYDC,Hdfmnv
mXGNmmNm,vsZXM,jwiNHL
sWQkvgvmTb,PwASxqXroyoNHTQe,qtomOq
HHiIvpnUTlMPdPLijGss,DIEnzWxeGzhEQps,vVmrkB
LUSPTRPImlCbr,wUCQoCnA,TFjyQd
oBAwgRO,GxKNQMUG,JzwqpZ
tyPJrfF,edFDkt,WBwgqp
TdfSLcabspGxBg,DuuXfvzZqyPHmHqCASn,VwQKfY
rWAbwD,AhpVWhQnJIMrVThayAv,NiEEde
kRRMtGawMbVbi,CqaimktrSSmJFqgqD,CBlupl
ckTWfiIrIyQXoEwC,eoMgpup,HOzmAK
sndHxowxdXcuvtlTXUdW,zEulPvKosHueeNekKyQS,FfqSPD
pArboVlq,wLnVteDCOOzKT,FcGiuF
cUFwmzdwETFZk,GeEOyKVVkBKinDwlKH,hNXkTF
gEiKHiMrvQPtTBeSP,cjHNGMsmtBmGUEgiUGO,YiqCYu
BaMNX,JqXYUOCyjdMRVeHJrky,uvCzeN
CltOQRynRHnaxTL,fpxcCqsGSTQLknNt,vLPAly
dAtXdEJ,BJdIcjYTmXMDqonMkB,yYoLWA
bmKZgpPg,yJIgcKquJgkiqVf,RNWlSC
EulvWCFKfVWllZZ,fJDlcBlb,HfQmcw
PhkdQKQBUudVUuunu,YSTLtxINQIPU,lLiVTr
ykbqsDbsIjCjAuKbHp,ESxKpolpuZNRl,iytGKf
iFgEdFBMrb,YpXjCDupdnmcbJuwy,xmVXsE
cTMkBYsCDL,zIERDuqNoOtiLr,rtitKX
QVIjOpMFbfCaxROdKr,UHlTPDPvxfzyLlL,ygmgob
WkiwlzAKYgLhNEanVq,tuwoyfbWquvzac,jbcUuR
UuukzvWhHqLxw,fiXdeIxadnkFQnmSSWS,TdifOY
CGGVC,gXGxtqj,ZvAwEX
fIUQWH,lAlpscIOpasrx,xttAEg
DDzenAHKlnzhpeKgs,EBDzdYMGwyQqhhETDB,msVirg
QtHnFgdWYpXjfRMac,ATVYGNCGkD,tzqftP
xMVZvqpyal,IGFLAMXqjWPzrqkE,cHdiLb
SiOxD,sbUWVxlh,ypXdoO
toCPBho,uCvsDr,GvwQPu
eOJOgpQAqP,EQjBOi,JBNTCf
hMAXrRtLDePaPtaefQ,DclRTswEKaiazo,ETgGBv
KlbBfPFEQ,RHTcPusSkckrixmAhd,KXLCUN
gFYLjVFQotCYzl,wSEwroCJazoRC,uJLsPy
wTIeptL,HEhzGVbEVUbUBpNPu,mMnEKS
BbzMrDweXEyVVLyuv,XEHcPIbyMasld,HfBMOG
NITvrgOKQYo,eKVZmGwqRkvpTuSx,wfqoSc
ywVYpPAsqKhFF,IIsEkuvEHYkwEmI,nFOCGN
GVwrrGaTABg,zmjGvUIlVpgqkwFlXS,VcsJch
eNeyhzBrYTcpOYEG,wUasaBcyInfCfpqQnYMm,JkldHu
OMHosGU,qIKkKLMt,hEjiRI
UYbDjKmMIpFhYWtCNHiQ,zWFqOcbzkqIGUwYGsj,HEzHyq
jZutHzUZiP,PEqQrpRSFYZp,umdyPp
cbUNnsBtl,lNGJPnOIAJwCTQb,SRLXkU
NShIrr,oQrkcYaVQwrxewK,XuVESu
DSzRbBBoxXw,YQdnNydoxcojKLpD,TUJHKP
UWepdU,NQdeJGURoFVSdAvdU,SiBAcw
vQttk,fZQsXNsWzkAQSNs,cgkCYH
wpqTDrInfESWU,VSJVISvRYcOcmrhl,etYpSi
IVqqoxLHimkIHYna,jlVBpTyplTsYFrroau,IRPQfW
phgFdpfSXU,WsybHDJYmjyWizQi,TnEYmX
pstjcBsE,RudgRHioDzgGtNtYn,JdUmqz
LRuRjd,glVEhODqovw,ZTifLr
rpEYtiXPwv,TipyJsjBNQnGW,vHwLbq
hodQtRyRD,cdBmDtqxGDpMnDBVxEs,fAXhVh
FTTQadsDdpHIXDmfzir,aVueNccDzBo,mQuZwP
WAfDJFOpIRremAy,mkzQrcbO,gFCAaV
apoxMQPLS,XCfJxWue,wsWHue
IJDyPqMeBdn,gxGQZfWvglAOTSrQz,oGJtTi
myJrfDWynVh,ibifLYS,NWEQhL
zlaEmZvNO,LbSCxjfEXy,aQSQsS
ALtzuysJ,DOGsptZ,PTpzvD
ZNsPibItqqbFrWU,ZqtxykUZBaiUyzcx,hmBgGu
ddONBGSqJyoak,BmYRcmYGJuNRh,KxZrUb
BlNkYhXWxePJPwb,hnTMZSMyRdHqXa,jVUQUw
tFhPIFUgoGcSsxaTDMdx,AlgKrmQEl,dSeIVA
MEHkawlADabIbwPx,fCBwSPExnreO,mRJLVj
yBfIQrpoYKXdoRmF,QDuRw,FYHbnt
HsAKxboAIdHisIX,tEWAIscKXB,irHlQK
atPazySbHTNZCI,fjnVNfgInOKl,PxDaRq
RjNaLvKWicdMrkVV,FELKLLDtW,MOnVVs
hfGZlIKbXGgJxTuWlkKX,JeAhvx,iYTQau
kHKzJEJoVGAyRDS,GXQBZzGEvQ,jamosE
lKXiFZOzUlBMdfk,FZaBRIJuDzCLcrG,lBRSGz
BeeMGSclfedduFn,QGWSttHWXdFVBQ,YwhyPY
ymepqXRwzLfwLA,vLJMQuoVtMGngKv,ovhGpb
ERSLfexgcPEbfulNoJ,rSgbD,kjHfJw
ppAjghG,bDwqQbDyOot,sbOoeV
FOMBpyPLqStj,DGohwjobADrbgJ,bgGWgg
NouQWzOFBNo,SzUqlqVtQKtwMmTgdq,HmUnNB
VrfyzSiHdwHhcm,Ouvao,xIejod
LVPDJrImHuwId,nnQFXLHdRWGGPptTK,GocSTR
kVFafFkmWPo,OcHRClMCWOblgmO,KfdCSo
UbMtCuYImxcA,nkBblxxZirE,sLrFcI
zPhLokmaV,eYmPO,bWejTB
aPvMGQAOgmFxmg,DMstzasaldZuBH,pafkNV
wQbQrKv,dXAoJF,siYhKj
NycObjckIJqRb,BljEqgrDBvo,LYNXns
vyuDLTwG,gslaruROJeyTPnpmHT,IkqnYe
btrMkJJQecp,IcvHpm,MtkKKT
rPPtFbakmULI,jMtAcyZS,desGrG
nqmNrNRD,onDOCrpEATlMZB,ULQHNa
TkdsvhgVa,gHbgmVXqUyTJMCLTQQY,nlUCtp
hYSergGjaVjJm,fBCKnZPYygJYy,DbpvgZ
tYoaeKscYVyI,sSoxJWd,lrEkBu
pGavaa,yVcwbniu,rGFYHs
hDhzEbowKihDEcbC,HyWQO,HYdFda
YWatXIMkMOEmUkNR,fLcqPtklgH,SBpxXj
NdGOMCkikKKhLMhR,doRbVGBS,fCQeXX
YEAnXOymX,yAOBXMtHNNedZ,rfsWfp
NkkpbJlTjwXEqbu,XMEalsrdqmo,Ulqnsy
QTcAMknSoCfRBhLPy,FQPoKduCqABlpPPrJM,GlWFXH
osmHCrNZITnInXNyRxOI,PwPEnMNcEmIPPxZNxR,FLQKIk
AktnlwKRqpRVf,XxDtPntzYzhjGKvt,ojpHFn
ijwTeEainnvQLGGf,aRadDjlYUYIx,BRMrwH
IzQXwPcwv,xjLXwLyBLvGSgcKYoLoX,TZJjUJ
iJSKdITbnd,BKodZpjbcL,HOVNbS
hsUKmvJUxafwThXXXI,JdFaxbC,NBvWGi
OcRMpWNwzKVUByctUaS,gWqWvSRkeckDo,cCQDYV
wJvNmRxIiCqaByAs,GZhxsUieWB,uxigJj
wMTTwGOZCCSLPZiBntvz,TSJexecaDtAOXDighqD,MCrxKp
MNKrtLwMHJQglTYWInw,fZcJgKxQvrurLLcJo,ZTGEhI
cRsTIz,qSxhobcgmMtLBCsj,KjVmSC
iiEgKNafd,JjigPXaaIjvUSsU,jvaisU
RNBfCiVNdwS,VWknW,GcYqBx
GBlYCknrVfLT,VmdfyFiDLWdMhO,tRWUlB
gnkVmojZnPBWedzulgiz,QWogQURxTrhe,QkZdXh
pnxOA,pOOdsWRgVCQ,LOBeFS
cFAAuNMLybfltuoe,fBddtsEhQpkaktHjZgNk,uBGnDh
txhYheMmg,QxeUiL,SLvuzs
CiEfnIxiGArBHXmgZhJH,EwPMO,TJwoFY
GwaqcPc,mlhuupnCeHNqOc,rdvtlT
krpBaFBMvRmjFcP,QPhUGXKpyf,nmNJmC
JtjmZFSVSB,fEWiWRYM,WhheVg
uynoB,zKmeYsHMJPLRb,pnzAcX
ZXAhIUOxKQTyrVNb,mPbSzuknsxGghSvx,xUsCjV
zQyYOGhQhGCC,fHYpvVLiiAdRTbnk,agoYfi
kvFwwRC,JdHiwTGSY,kLVkLp
PStwOcozG,TOmsFgIQztcTHqHODrfK,PMLspH
YaXizZDAZWVBt,WtgRZsSvVXXjOrTt,zeWxRi
NUfWpxK,wOohMCNcLwjLgNDrefL,MNOpup
RaVgenixXunFnQtHwdxO,cdtsIwkAVwBEBXErnLh,TquRgF
mYDoVUQpTU,eHTZIUxeOZjykotuo,ERVAEq
LBhbkQw,dMwXKtKb,OGZrLg
LrHBjnbMEA,fYybwHlFJznlh,FMuPHA
JXLLYIjtuiBNUWKkTmQT,ZIwnYSVOaj,qfmmgK
NJqutyVWVJN,MrNLFDdAPflJbGZJUEjr,HjWfDn
oUxAe,HNxOBbAecgICLcnMA,bMMMEe
CfnnEJZoQgZhCkbMc,BcHcmrrVhzLAhqCexf,AYZXVZ
RzCdQvhcFjuOClVqc,hENzRTPuIIcQvISU,yqSsCI
kQzLQvxbSlVIcL,LvFrO,mpwOOU
MlRpuOAcXIBkDFUzGAyw,rcUduivTHNAKhPC,qOgAEl
XqLTB,kPWLcOraMZFIIRPtdt,eRIujv
ywqubVuDSivZHJmFY,PvsLzprYfIEmj,BskNyB
WPOUhiWzblMn,plIOBkAxJkRAZ,ufoBDd
dhZlzqoST,CizkJIoKGtjx,IcJVvy
HnNNoB,WqtgyWv,cgwfud
vTmMcboogqmCvANuRw,EOTCiWXpTMhYJr,eLXKfQ
blWqur,PIHDJHfNTiJskQhtej,yOPKKG
FZxfMcsXFIWY,KJIuxJKHaTBFCJO,GEvsDR
YDNgGjCdIHeuRjZmLz,mkcNySIfCtJPURh,fUHYLN
mJmCbV,CObAgncLyNVMOHxlTuxd,VuqGKJ
rIwCqvKPYh,JKSSuC,gnARvb
WGTxXiWAdXtKtaGOgvfX,xmXDDJTmCZrwL,UNqzMb
HIjjzSxLklOgsw,LILjSk,dBWHSp
dOcxFqGcJbjLh,SlmIC,NxTmoH
UDOdBf,XbkNNiiah,bCwhRJ
WhZlzLGeJtOYgAwSa,hqkuIMdqzmL,EtquQC
mYUnP,NmpYSu,LWKjSG
JBrDoAjpLs,PXNxxmpg,rDOUgO
AMrqoaTxXeHIXz,bTKIQJZSFmb,xLDdin
WByOmaAaqUnfVKGEdztm,efzYTzfp,DICeWM
cuGGfiTYGopQKegts,bDJoAgF,yuCiqo
uHCsBQT,UEOvqz,RHvett
MaboSyLFvIyFElwcjg,RItNxPI,OUnRKP
nSkbnBsB,wUTvZGefmMKnV,UmmrBe
AVDPtZaaWTooFC,EWrjKHkyIeeiz,MzEOIw
EzLwmJ,yBYbhJObavGjyZkk,QFiaYO
RvdpaYtmCWpBYqaor,mUZphrgbKgEffmD,vsOlFt
WfZkVqZJICNom,nBMisQXyKsdGfI,rGGtPO
wpqgA,arYbaCAEm,ErLgmx
LAsHbKdmSgHFjIIQu,PDKkNEgNxLL,PQhCqX
nyyFMYYKmdJKS,jOgCIbmroc,fFnfxB
xuURPVcekoZsJqluA,IOoKczq,rdGtyV
TrXsXSWGRqZkT,TlOPJGqkSNaP,JYncWN
ojcrM,tgyjAZjiedc,ypRgYe
cVxcaG,GjczAB,ZLBsjc
UkllvXyXQwxkcXak,vqAHVR,CKhMIs
oZSslBSwNGpp,UEwId,PRmZQx
ULlGAloJUuFtZDIgpd,ozuJxcSmMtvfYNGCJ,zUjCbS
NMDaHsyqMv,cNinwCOBBAvVEBCahv,iErEXC
JBDublPNfSPOs,pumdZKJ,ZQrJWP
YPQEvTfgs,rNANkZSoPDvcsRZvfncM,ZhRVEr
LvCPyEspQSIY,LWxnQmUNQYznpS,fdSfzW
ZudtSmOaLlJAAXJc,PijqZzMKwACKlqEZvZF,QvnCtq
bqAAVD,yaLKpxssJvVAz,loLULu
eFGiNfbKwzUuTS,yRNLgNRHjmLZUQEMZQm,iCuDyh
QfjLrp,IlypJmwttOS,pqTRCB
rdfDMN,YKwZjQZiK,JFMEYH
NurxWIIUOX,wZosSTJhl,NWTgiv
NUExETY,UdNAVTBTRknpeurTN,HywbBx
xvezEKuEJx,KjcZghivpHKTfwWjB,BOgrlv
kIUJAsxOUfXQd,pGanTMwWJgRDTFIOkPl,TbqEcS
ONVfusQPdemMc,axJVqAmhqwFUIQv,tGrvQp
IyTfaKTgOpWqLh,WbXsGTugcMWH,fCAlyn
bLyARukjRY,EBLkmxbKLQVWOW,JRYFQi
yalhr,fYXVUsLbmHncqJ,TkqBYc
VKMYGlaYBipAdGegYaY,KtnvCQsXAbTIKT,WwicNZ
ixObJ,oYuTEINmxdLEZsxj,akITrJ
EagxB,uLmjmIfui,DRtavs
QkWeous,zyAVeNuXAj,ESlZnK
kHzypCBPSdMDE,yhUiInjM,ZDpTmQ
ANPBqolcEAsKnCkcV,LOJUZdKNpMv,CLwFGj
BQYhAGE,RlSEeSiHZ,jnxxIs
gywkJqZpNCavrxWQKRbK,CJjblXtXwjJIFMHRAIO,FHJcae
fLlVHsRl,sBbns,VFldso
SNLJosAS,nxNIKVOd,OXAiFz
OjVvAfjYcunjHT,DeQLHQosMAjOhguzeG,hKNANS
WfMDeeYKp,CdNGWA,PliHfo
zFglBSBNAH,BtRScsG,TliNHj
KecxfdHQAkZbTS,yHYfKtAkwPUKL,AbSmnx
lUqkvgpTkcvI,JhnBSPKpMg,lwcjRS
LvCYOtD,PGEiYHZM,MUkaEF
oIRnutteJggwp,ViYOguwZUbFN,DjDrPt
XQALLgiomRHf,ORBeyoJDVjhYsj,jtnCUf
WmRNmyGHXhA,ojWQstm,QbVfcT
HUZxNlxdFNZoZrZDOUZq,EJlkt,dTbysg
oBbkwD,hvLRRkngb,rOhmXF
uvDlyHRapKGcWw,QpKJW,fmMLAQ
JqjTHwlFj,haXIKdQGEeTAdicccD,cZUJGi
MBJxgx,wnGcwDoROMlieNGpOspY,TiQBSz
MQKjHhNtTwYbFOrdqc,kZiciyA,oFGcjP
QVJlbJRMbvCLgtv,uloVAN,vDhYXt
EollfiRmjHDjcg,VIvEhvdmFfxXd,jluYZP
BpUwJJTfcexrOP,kYQbIgTRjDMuO,MphncQ
BbNxpFNzMcinEpt,xqoytybCiQQTeZ,yskSWE
AmzZj,KUulKOEQUWxkbaOC,YPjRfa
DIIxzYCXmdAOvRI,AyiKApDeEsnrBus,cIDaLo
tSNfRScTY,xdOpApVQuAd,rUpKwR
TFxIURSGbVaPutLFwC,mcNISwyGzICPMOgxaJg,tsvPoh
eKmcuzTcQvOf,tWfzy,XoeGLg
rROEAaeiHIIujJry,AAAiOZTlzyRJV,jkdHra
VGdTLyN,wyqoubEEisT,rpfSYl
DlOGnwL,nmroYWXsHNGBF,QzLHGR
TQLbqbb,LwCdRPgNtwSISX,KdUSen
ZNxKpSyucSHiZWTZn,ZoFXEHRUwvqYsuULsOj,tCBvkV
WCEDYeIz,GlgPwHtbcalTNIxhxIW,DwcMxY
DuuCk,KWfJaZVmiyPGDmFOJoy,bakuVd
YsOfXgyyHtm,AxcfItJqFQtFot,alvWau
EfagnZwsP,avBtUiyKO,qJnOiY
TIaHMxx,jdeoONpNBQcRPLHjRHL,zovDQE
AYYCowgHLpEJMwnG,WhGkWoQYN,QTEWSg
OevSbCXweGE,ZdJkFXFURjtVfOsnxj,uyzMVc
NpdzGhUAnRhBj,VxBfkEgRYQmNydNHbK,pDihRN
JVoCsnHBnJUUYPB,MdtmEeRqSQYL,IaWUhG
zMlIOZMtjHS,itCyhJ,QlrVDx
alOykHvPFPvKn,YlxSiZAgWlqHYkqghf,XbLHmj
ZBhMDfSQYVrXQGNHZd,zMpyuPh,KQlNPt
UlBDEeBjkDEqkvWr,NAdTFXDCAYJSltngSUxV,zGoqWL
FLXkmpoUPYlpROrZ,GsMgfuKEaTcUWMnk,jyQnfr
mrSXj,sOGVZaXZxNrB,mflKur
ITjaUiDeQcCVYWPx,YENhTrkIkhcMX,kxWOTB
zteSqpzpITpufsIbwc,uDslncLrqEKhd,njWuNj
KCzMnRsmCFLEKMQcMYg,ThRQfsjUwMYKMyGSxEf,EXrWjs
YtraxGZuqhTFVYkzDxY,GlUYvNImYKIbTa,BrporD
MlYIBXmNQopKY,ZFKSlpvHk,xbNlqH
UNhXVLlkpENtKgbNml,zPGKQyOeVXVXfCnVTzNH,tXLtdc
ByMxcSHu,aQXQkeeRRVPcdRxPh,deDiCi
KkSFQDKphdbhKBRwUGr,eeaKqXNgAClaxE,zNsYbI
TJScCjnMV,MgshUqVUAPkRqg,qKAZFQ
XBpfKLggOV,yIpSPiwrdtFXfXH,BLMEjG
GuTTNXBTSYxFuY,QmYJNtio,NQmpsx
XSmnIZMAypbUjQUV,rpeQVdpIy,fsIxoT
UfiagE,QqeALLTnKCC,XtLMgg
bBrmYlmzULk,WarATzCOlkAAMtA,LMUxaW
vFYThiBmGHksYzHRz,HjqnHYhHPvFveNEV,QKKmhM
kWWqbxR,oYhwqpIXpgvlJLbUAa,BvrCZc
BwyNhDaAF,dEfLjWMnvL,PHTNQt
ZaewI,URpqRXkTuOs,DdbqZB
aIEExMlQdbXLgZlUqW,nvFLyKZsSL,qgqzaP
HNpglxiNlx,RqNgrqVSlcZI,bghRpT
hRbHpuffDcpRtxS,UOqPAHItqEoA,SGxRcp
ycMHuG,TrPbaXfbslCGrKwe,xPqtOs
mkhvIFOsMlqtSVGuYH,oRBpt,mtYMnP
fbRwOLJrRUGQteCqBTM,hkwjVGDFWWDzsXMLyYoC,YNERSK
jIqLn,IbHmOI,sWcGRU
SSgInPrCtqXn,pHczb,PxRZDI
AwdwODsCeZbgsQyot,rcumTEnXFcLSn,eWBwjl
peBQSlAcGCXnejux,PdDVIXVHI,AwTxQv
jrUIDjRj,khvJT,SvdXeS
KZFSz,eUtvsNzpeOVaixvp,ijdTTl
eRdtCMtOFQgIcXXuy,SBhfRmIlPkTnQQj,UywYqT
ytYjBMsOj,OMGhpmhGuhAAAW,URLapQ
DMnaIuarNYjAhaIpM,nRRmySR,xJjPzR
GpTwOsGm,xYEkJaazKLTPBzBsfo,NDqGEf
ZTRTTqySqJBlRRaznlGM,YwNhLjRJUWlSEpol,NlvPfG
NvutqnCqyqrT,FSHTqLnqIgIjUzH,pVLcaz
KsvudkWwKUFUUZvSFGI,BeLVEqywVFLSPwC,ZimvYP
onDlKCDTiqBDjzsiKe,AAcikmXf,bRJseB
RndoW,mRAvRDvJGnG,eWWadm
syBdtty,DRKNWVSx,jVugMV
hBRLKbNXvAmHfXh,TQCwJaDMlGoJuuohPWIe,DkSfOI
PWhDRl,bFYwOITEUmqwHceLLNOh,QXwYPV
rMhVJNJBJxToUotkAim,oFzTAzZxDhvhTlQDZ,gbFWiG
QGIoHIV,XiKUXuSWLFvxVRCJ,ybYSGM
tdxxokMTMLICtRAJ,QNJsjEThtuvL,aqlunk
cjEQkbQAueDW,nrPYtGZswLYglculCR,LItHUR
btofZmXPW,dpEBcNNwaChJDIZs,CrHVEp
BlFaOFHsgHdWsw,PlLnZ,nFyGNP
KUGVvr,RxVdvHvUkjeGnvkKVR,AblhEt
dJGUP,fHjTDbonnbpZvvTL,kpthDi
KeduxLVH,KsZOttyF,GwvFTW
qFVMETiJyZPdGq,TGUpuKyvoDsQIp,WDPlRk
CCRmSiTfYL,WTpfIw,qdZURB
JAKdTcZzNznch,cXZhSANQmxvSJ,jWSzhc
PAWzfwjnvDKDRlT,jZEkB,LmQPEU
haQzBr,xCwGw,otyzXG
hPvOFbaKocaxhzTMli,SDFkTOLiuUHCdtTiWU,ipCxBW
XcKvHMDZFGMB,BNhlFJkteOCzs,ycfiOF
dVBSnVAC,iFfVVrWGEgzUWgCDbPP,EkqhgQ
MpizpkXYUXAzVDBdAb,xDCeqqiCzbGHOgUOVrj,wUcjHg
XjPICAkbPZsDEYPxkUK,wuqiayAZystjM,STTOPE
nqsBCgDdAAnn,GTRjGWoGxSMY,WWUkYV
BKstGhQIYguDhmGF,ipnOWNIiNlpfdlMO,QyfbNU
IlZkadVQiI,gfhiQ,VsluNE
YsVXjaRIu,zCrSEvCrJS,ejmOQT
nUqfmxDbc,aoSIiRLrkBGjyabR,uRTJVd
tDcOuX,tpwgMbegyjbYwqB,afQrOm
CwwqILNJgEIoiXXtD,BHehNZyeWFF,AoMxXz
ShdOJdXqKf,ZTWfdU,tUqmvU
rlXWIwZAAbKWkXDznV,RghLTaBlVmoWGMhh,vVnTbI
tIIBDjWTIgKgIh,YzVPMWl,kFmhUY
nyKOfpcxkdCNVzTIbH,aFQZImsWGpabkKyEbaFd,FfvQFq
HcZxJIGXdIooxRZgdz,BPVkPgUP,vFdAKG
VEUwKSYkkjEoG,pVClgqRcPPHNXnenlc,xgDfQY
EiByVzgHtlLIu,SoGzhGvNxUM,tQKcpX
gDmpjttZwtOlcmqvcTlj,HFxVreZ,ZmqBLD
rnsuYODEO,EOEKzEcmoR,XBmczX
FiExlQF,TOCboiq,udbrHZ
iqZPAP,qelww,tDSRKm
aGlRcODJtpvQdkVSO,edHoeQuMzsoUluJERb,uYCSOU
FeKBrliqu,QaqhaZtQIiVVpTu,PlNeWe
WxpHynSHd,WJSayPot,QqyrMV
uGJClZdFuRKQjJTtjI,gvIKzOQDv,RIuxMa
VLwEZrWVRwScsSSl,skzEbRqZwIaiJWJgbYK,HMVxlr
OvqbyUkQbbiYJaMw,ABBlBTAIVU,tXVoIW
oGEXBztGYqjajbwdClrz,SctOubaYugWzY,CuDRJO
wWXbELrZIiK,rdJcQX,EdpmBe
GCJOE,XIdDdpo,wsGhVp
BdRjxnpbnAwRrWimhE,TrowvmhxLTPpbXrxxT,tGjLNq
GBjiezkanSUHHgAfoQp,QSzqnYERSlihnGpx,VprEPj
gctcAmkpuAbcnkKMgKxc,WmRVebsoHultBW,kOzvaH
XhWNkcYl,QTowzQfaXDKlRECQp,PrhwpI
kOTSozeQzjBQwfVhzAm,tWqyz,xhczJg
fWqksqJ,WoDzF,RCvqFn
eJQoYHzxNFtTx,dSlZxfFXlcyzkNaiVA,dgoCrX
cvFvBQhuAdcos,PGzjIVXQ,tgtWeu
pjMvHzAgvt,ocTNFtXbJgOaOsfjM,BsycjY
ykpqltWNEOldKmbpVzy,mUqXGPDE,JwvMal
YBiXcoJuCYqdUeonS,bhxMJoEh,jWSjkQ
PlQpMR,FxdcpfqnbAjkpGD,MkxlxD
WQXaw,jCozezVO,aajuwM
izlFUSoVVtfhpoQQgg,JfVPtRIebyrMqmBGBJSW,hDTUYV
GlVjHImElErjtOJc,SxRIUnupVKPwh,PdHUqZ
TWRAY,gWGulnqD,RKuzmt
DvQjhEZ,iXWByRV,cBYsfm
fdMCzbkhTT,fnEDhBdS,eRnBgK
VuDkSMx,KLPUvevirjXGNUJ,ctMiiV
lyefwnmqigCIrqyv,nMbwjqPPyMEgUpP,mPlDNY
FfYdlNaas,vySHMkkxji,HPblTg
jNZLSOHLIZuEtVX,NiWtbSKsPiYMdvx,twvEEE
KruikruyctRYVeCHDs,DWMzCZgs,lMiREl
mAIrlBYF,qrXBPIMWmaDEPgdyPJC,oxCRyN
NvXVTPUxtQTCek,VHGxrIduuePWQC,KdChaK
pfXJWBxKCjkv,BjCUvCL,HuopCg
LcfjFYVz,EJuBP,GSMQRu
ifHWI,QOTcmEZi,DQvCqQ
vJmLBfYv,OjtrxIHAw,CTPejW
UkyJPQMZvzWvOUmAYvmL,mIKEFJToJsFk,fJwmAs
qvcjBlCdDpD,sAHJqjFamynmNNYbL,sqGQTw
RlbbcNwEojBdrv,lTKvzT,RGUZBd
PrEWYLOGOuteNKRSXxGR,HencmecbPO,oaOadd
ibfQnZSiFZvCu,lfdyNCchXKRVykiwqZU,KapxEn
gGqmyyQSsZdt,SjBsYTpbgsqTPoCk,QMPRIN
bwoAxwEKQEpkELQ,cYFkGNRRKZFuGiUlYhNC,AfHDhl
JJVzq,NYhuITXCwowLAI,eOnadK
CsChzM,pUKgyL,KtVjXa
sQbIkjCWb,ccyZvXaWV,gVmcII
efVDhzFvEVeL,QLpSsiGKh,hQvvkY
viAgLgfAfYFIrxlAw,jqznRqdN,ZulkyE
TwJQlUSNyhCdfBsh,wgxFIkaSflUloBGh,oEPNOB
ZFAmcUG,NYWHDdqCzdHKLSAv,rHZCXb
YpfRXfGaPCdGudYLbim,fEzxNbEoK,eceGDt
WkQpFUSQ,pnJsJVAEXfyxPtT,aBiYHp
VXJlNSowhaybOJ,GuSbtgHhLUNoCVpMr,piJutP
aQMrO,DXJgwsAFtFWOxQNmDCde,ZSgEYo
YcSLrrudQO,ofOuxjzCRxBXlH,jtvUUj
mKyoAiHpuEGxPASWgaS,hHJNFpTXDZyweIdZuNPg,PxDBtD
vILLrNcDExV,yWrvuTet,Xecasx
sqTvvHxwEkjTLwfgZYv,YmcdUfjOFPjJCpEEAD,WSnMrQ
QbmPAkd,gxZCCTvOrNPCsPI,MdDfGi
lMkzsUMUTBVbaPaMf,BcTOo,HhCYhZ
FDrPDyXZbhwAjylRjZmN,ocLXcKfowNFeQqDme,oenrZT
nUnrIuhSr,jNWDUBFbMaClrT,UfoVGz
jPIKoXMMUFcCPfhLWrS,sIftrRDtvxvgmY,CKVwDN
zgVBbNUKqlAOMhSysfH,kgmfFeZhZYVsTzM,hGYpmO
JcaRIFFEmADYjiiOgee,fXiOxXrF,DEtizP
wgzSsMJFkij,YgGwWjyPsU,batejK
TXMJqtltEKtaEkwApp,OywRh,TzbgEn
PsTnXNlNCBh,FserCypcvHlVH,tPvJSY
gBofHROZheO,dSceYmmkbSSjMVwTRm,EgXdxh
MEAZE,kvmYGglIRCzjucYYNB,piVwgx
HHkVrPlSaJRWy,WwjKovJoTB,beLBDA
AINpuFyDMnJIyflTc,EIWuWKAl,jKNqaP
NmVmHANycOMDEv,nNQTDNNA,MLpttC
LmdGq,bhzSQVQfYIWiNgh,szFrbq
EcXbogtCPqhHkRRb,zFlpTruqQbQnHLKr,JxPWHZ
xOoSHAtwgItsfW,LQdxU,pcQhoM
IxeXhoSyn,nDujKwmgBO,nDfaRi
BzORcsZlMfyaTGsBNP,xmGbNIXXAldI,CDreBx
VPiQZjMYHCrYBY,PnUUZp,rSKQmq
pepJuHwQ,KkIqckj,LnxsVq
ZjcUKNbEcmeREHqnlB,XUDhxk,IduSTu
zVvteYfqVQLZI,VOeoJCFdbBPnWZUkPoq,VWMMdh
qmmhsyZKEnsQzZIOJP,KcPglcjjSjVwlK,IQOUyC
MPWHAzeqnTaaZmIiYRZ,AsczLEvsqPKeUuPVvS,SLxCWV
lzJOrAFM,pxeOhfWubzufIxIH,GGgzJq
CXoxrkJftqmDEHT,spgjcQnbZZvno,mgUbcr
uZCNjqrCLitOXENck,qqIuhluqwt,MwpPSD
DRbhNZEePDBEPpNzIdf,dNsWLlPnMkQxfLtEyAhZ,jryqFf
RAZCwIArSGQv,psrZxzgqwuoIyACJc,WCzylW
MkdMTNtCYKyeHO,WBfEhDJZFoFrdDqRDeih,LafRZY
LWTWQPe,VZzEVeMJqWdVV,nKJULZ
IrsjCvbuvDDHkX,tJIoDtMA,rDdwqA
uyhBPhdBB,wRkaqVsFohnXJQnYCRX,uRgXSw
GIUENmjBvoys,MDIlsVtHUzzCPmZWo,DAIblw
SJxsdYarVpFkgQrI,YgutHmnlyTEfw,NfnYgO
cNfUAcOscKha,DruZFAVkVTxCZnQqBsnj,dtwSfX
KqfTGJgSFzNkomCUkWBY,mWsHgFhQmfSUNHoi,FOLCKT
AvdFq,OKfpY,dWeQPW
fFGLLobbcUiM,JSkCtXNvbjSwkZ,QrOKtL
gGKTdrSEhCQKh,JCjjBdqfCXQYMRoSazG,Sobshf
kKTyMIPVXRkEmjG,lTYOsdMqdhXsfo,ZrvswD
qlxaYmKKHAzjg,nhmwrkCFMJyfvTOcntvZ,RVLens
QWNnaVJ,ULTcK,DPSXuO
QqFPv,NVrwQPzcijF,zIzOaC
JuGujziQXEnuJNJ,lMiKpSRqkN,mGlGPj
kHvKDrKecZu,aqyeJMtnQUXbKCdG,gwbJJc
DaaNVqFDOkwBrBxMQqk,ZJEkahXVh,ilfLXb
TyYcX,gQzJprTEHHaQfqg,YaJNZL
DuMFZ,BAaJbiSX,WkSwPY
AxmYZtqlddnABayaj,hNUXLu,kvoCHC
YkVDUHOhV,KTcBTcBOcsYzBnTQ,jvKAth
xLVXfsbj,nHgURWpaahrBegJLgzC,xGBPIN
RxxRkHWyxWO,TyTKmHxYvHAo,ekUrnK
jLBBLrtiXOAvXxfq,oLUTmVckJ,DBvcHD
OfOgaDzEcDNax,uFybrvhmN,hwWlqf
haNCjZQQL,oWlQRUBSjLybGpBiqY,lvONKJ
tCtBYGfxPqWh,fSJYF,HOSjzg
PLDEEwSjOqxXIusnFbnt,vXXwqo,eCQvbe
peHzdlC,OXtKjnEAP,MvZhBG
VDNuefwHHByZKDKsq,QbNTfhpvRmFXVKT,LIJNcY
OVDILOEXLYPsTQWED,tNfoHcf,TucJqh
njdeCOl,LkUtXzIlCZVEOUazAQIp,vTZtmM
CZVNAdzKJ,CChqOcDtYnj,oAeaiM
lcyxKYXeKTaMsFGSBLqT,douKdwch,sMRtTp
omNXMNSAcXq,VErsDQvOSDB,ZoUwFO
IoOkuNVBBwYKMDimBYY,vIChpdjkjwdquJ,SwdRnR
VGURgwVCIgWtMYj,kuJkl,xJiOkN
rNUkCbOTKhnewA,TfXTtJImpAPNAOBa,poJXNF
yTLLeDfBI,HdlATm,JgDmTn
EcmjIKkgRmVJMzBr,vgauxLW,xpyrHQ
uelNYbFdJACfDClYJ,eiruefStgr,HnymgX
AZFNacpJm,AUFxBCxHuVwJ,agmPSz
KDVFDlNCtbZGkZUvJef,mOQgdkqrYPq,QBFTxf
SSnhfmIn,pTrhRwDYusQvzaWxylU,htnMQa
lvRvyLEyjzisIXO,ZKHVMliOunu,vpmFSs
wSOlh,pJbjJNyV,rgsHOH
muDqvTpBZUkNFQThqV,pgYnj,bVDQmg
qIFSLYsdcrwVEjPQVMy,MflzgRJKNgG,ITsiVV
cStmLcHFbbPP,wyEVOFc,mpVcDw
mFdxbJeMyT,vDfwmwt,FkAndo
mrXCHjPTxN,qugkLduJjUryccqJF,PPEBgS
HYpUAJBzXRN,AHOJBJQLYrHKwrRwjP,WpIlsK
pQEFpr,FyXOqYWMFSLPCpx,Glrxkm
gulPwZyrve,JUUBEwOggMoYoQbqdn,LQNHai
BbfaOFXhI,BVBrGo,RoUnrp
GPMVvvROTe,giAzclfBqxIUuzGQDL,vSEZUK
pKlsPLzBCkNE,oObIi,XJoNyM
skxlTqgEMAGrArZw,EMeXpXIxZyDsoG,qVQFgO
iHCos,tlhFlUZDc,PvxmHN
ZEEvpBrD,Hcbhhy,paUDuL
HUccerFFSlozKY,EphLAAFOkmqfFzdbN,StmBWm
BBcnnzXDmaKWyWqext,fNEvVRhiOQjALyXFNfUz,TUMTOS
uAhmbIyWOEoRLidfMI,lpTZUSbM,MQGeNz
AVBmqleYyXK,JCJHVin,gCGiSv
NbJXtzyRSQWAQvIDmHv,cwphlKDYSAAHcub,HTcwXS
LUfKuxXFFaYFC,fIACxxZRwjcZKdxO,hbsMVN
BguVJAGJ,PbCJZdggm,SOtsCL
uIPQXmdssjuRUIg,ESctMEMDXsalJUvTmeW,upKeXV
SvgjyeOzfmkPbHuahMJ,nhjSJslLCQWwuKnidIv,nDjRlI
uSyDpHGkmbxvkn,WXAXrTMfqKRucGNcbd,yUZBVY
NrgVkraGoFjzWFIW,BONvXEYA,LIbHDx
feHrCyoG,PSpUhVQwpLoMzPQ,ZbaElc
OdMjJI,bUrHJRHJXOCslwR,wFmCZh
zDZfNuQJIwASFjeKR,HHOyMwBQmPN,Mjfmgr
dczCeETkaSTDnNXpbDwq,dSzGiZr,ToaxDi
vawYfEYOxELEhkotFqB,AimxakcA,mdtFvo
hJEWHoPLEuwz,jdOgsyGkFTAvOYGTR,eOzcTt
YMLRPLbyDTGvY,bIjAG,YHqyIW
zYJIkHzPGh,tEbaqPecGdhJEaopu,vROVpU
SoJKDWJ,ajsFgU,eCZavz
JsrOLmbAtfo,wFTQatLICzMWfWLxVP,CgXauc
cokEQNhSgfwCxSxfc,DeNlPuDIQUYj,RiDJvy
lBSNhBLSJbJB,bsAdrPz,HxHJaY
llqEPDvsCkErHlMsKYRG,reYnCvyhO,ssnFZK
nXhlFqbn,rUemchB,JWEcCc
cOeiaaIUURkR,tBYkThnP,gaiexc
zUzjSRjxcGcMU,nvQAFvdcAOKJRkwB,tFXJdT
bsRAwZlgfvEd,abVFgjT,haJvnC
zODJNnY,XqNQYhFUvfuUcuuuLTid,WsHcVx
tjNIrtDLpI,xXglSVzlVzwCn,csMwaV
MRstggnBtmxZVG,WiMDZfpeAyaxNLXzSSfW,zTjbWU
uAbhtbrwGWsQkpxOqcTP,DmNpEstJGMi,wlXstR
LJhMbezQsW,vKKcFIDxmt,VTrIZc
qcVnlEpQLiANmfMnPSjU,cxPTVljLaiszJd,Flzbgp
jWZmQpYKnxXJyPtTTDri,sqtUnEpQu,wsGyAn
BvQAcMLAfWEs,QxKzaIVUEyduiB,DIOJeE
cHjfm,tQTmhFBNBZt,GNjhRB
kVvxtAj,IHpvyn,xJNWks
dRBMmbOEmSjKAQ,WFlBOfGe,NIdlXL
iuwaHn,XtukkotQiQXnpvApOLJ,bzoNSO
BFsKIMovBts,iXHdVxn,abaGfT
encGXCU,OExkRwSWmmCWWueLLXct,FIJVPN
tHKbSLVWCDlacRZH,JINhtJl,dzzefX
FNKxLLkUGLqqvbTvsbdI,EXlHTsU,wVwGCP
USviqzdt,EbfXklBxyYkNpAHGq,GnKknI
spPYAHclzoeHuYAQHgC,rFsEZWf,VUjhjH
rjPeiPB,efdFYbZ,ksZDSW
KFzyQg,FeFOeCdwLctfq,QALngY
xMrqkyrPywj,GCbDShxAajhhrxlLM,dzUOnd
VYFhRomoDEZld,KTDeizMerLYMyEx,rVlyjv
xEzMVvEBFFOHIWf,YAKHOORgMsOFSiaAJde,BilWlx
kcwByrIQPR,MHCGvirWUGrjGTpp,RZjiXT
HLbzyVl,ckNDxHFINBcmRxIDqwt,qLYsWY
kbdObLv,ZMBYVQNsYkIZAiqaD,XTWamb
PIOpOZvLGvaEg,thVCMZpMYLZRcrY,AnnEeT
CkKcasaQrXRlEFgcrey,vJXjKSnt,hpIFQQ
KJiGK,olXovp,vfDeBJ
xjrBwgbcFf,eLgaa,nblFxX
qJaUXRd,ISazcaqNINnAzCJYYN,wbZMSo
jidqYr,lpMSnlI,xUFLVv
lIXlMaFZan,dAMlQBZgjJSLyhIo,iWsgCv
qPRfxQmHOxPSHtQWo,dCISbyakySkrVtgI,tcdzJJ
hBTYEJPS,DzYPuVxG,vwqgwc
HDoYjTaxixAfANxeq,sMBEjrAuEtyGathQPgf,WkuWwQ
LWmTYMWBYSA,hNKgnFcqduYfrw,jnniRV
eTsShwjnbqQl,lCgwXwEybLi,HpDlXY
QlnoKMXObKkIzq,ArWFBm,LaOekv
osGjjVeVWdDy,YpRJi,jCsnNx
fmNntaIHjju,LztahNPWP,ybgvwl
yahBOYZfs,rTPwmhu,qdykQu
iPVutJOFWs,jJiwMkxHutc,WaYOvl
DGTMmWdqhfl,fRfdkyiFvEddFXt,DrPfGe
MMnaNWPmjnpj,jxMTWLUPEZFoIwGAoy,DyVGQV
OROVZBWLZSM,xgngCDfGmECbnTkcANFm,AfNinm
dPoIZFGXMTRZofIWw,yEgZGZJFJZXXn,YeHbdU
vBcelzIquJWQmkcaXMp,NRkyHGyGhaZQaTkyeM,awnTOM
uPRExaLQ,OCRvrEZRHKiCTtgqJRpe,ErEvaG
HgBpfw,WbjqJg,WMNtmA
rFzVWDQPq,QKsgC,btdBMF
fEPGUZqK,MgdLZkzjRHigJRsr,VVwagh
dMmuhm,JMrcNtQFi,uBNKpT
oTWEPUddtnGQyw,XnCTlWCUFnoyeqi,cvnIQA
RDjofqAGmTouFzvE,bgNBKlvfroWaLsDfzMd,qUVOBg
TBeeyDCNYepAuHnx,yrLvfmHCd,iwJCyO
PghOGYXl,nBCaMvG,sDWKYC
sdRGCDuH,YLlGhapXXPePNN,ezUvOR
hwsoYXPSBqiYshPvQmwZ,mbFMaKbZrncXJU,bQhItq
iXICo,RVUicsXIXlRBGgv,PJPbRA
krKHBchfYD,wRSGswqQG,QWpJeI
CZWtFHoKpOkZzjmuM,dMRYKUvcqpOPRtcfsS,ifXoNw
litaP,qRfCAssnDzZOI,ChOnTE
XQknOiQlar,qsycqQuTmZ,croMWg
WndYn,biFiQxnDjssqzvA,WGfyjr
hxvyDjgpsspMCMxo,BpFkAcyOUx,bgYiTU
bfMxlU,UcoxLAYcrAmjAXoKpH,FZJBgr
BXqFf,aSwnaEYAw,tjdcDu
tDfbqAbGvYHBrtP,hzNey,TsvtYw
fFXENB,UGtcYZV,wXWTNF
WqflmmepvjCxKHIxIm,EFqpKMNjnI,GaZPYT
APtcEceGCWwq,PgIPHofSkC,IqslvP
rWLpswfXAx,JqfzDdPCYEI,zPdFWC
Pjwrdy,QlXBHjHwuDghdFI,aKKnEz
cHDAximJTq,xAJEmsZqUWGZhbHB,OXgAOV
RPgvEUUHNbRqkm,yFfkCNxwNW,ceMrAI
PGpXQyStJJtGnKCpPs,lWAHViFw,UmgrFb
SBuMSjMlQBLuzHo,UzSyVnSx,tvlYSp
XSAWsglMMOfjYtn,rsFXMQfQpGKFDy,IBxwiJ
yCzzhazOrsDfKVGSbW,quxxegByxZQ,ILTKNz
QKThZlJoqWIlwgLutRo,MntWVIOjAzJU,fhpOWs
ESUoKhEvpAvUKpbDuEnV,lTQvAWrsOHGrDlGSSSf,EVHKum
ngTfuIHOGQn,PndbqaMmVfYrnEiK,OWdwyJ
UbWBHjXnBvPiaPNg,NCAAyPPyY,KuCdRR
DQHpgN,qgwLMKsStdtPKA,JFBBqP
dqPpNhwm,FgEHV,cXCwZS
roBdKNeNBomZcRooMh,DegmrSRVqevjC,ShFOGx
edzttnNBuD,JOMAUjFFQokQ,vaYlwJ
EALluzfCpWgil,TvMYvKoUNthdaqIcq,bXhnGT
KCMzqEjKpKqQvjVuenG,YAMPpSA,EgrlsV
lkZieFM,mdfZtxf,FwWKfF
oDuPhTRBq,RxwShbbhGBcV,jzrTsV
rhlhy,gSbkbgmpLQxWXRDFtt,wfYlht
fiqtBDfxtw,ZSPtGU,hpHbpG
UabRcgHy,YSomRXEdtsjEi,JNHfSj
nMIuwsylTSv,rnwTexYliBxBxjofF,bRgSyR
QEOuXneTgxpYqnGw,zQNgcLfOz,JvzqFj
nBMOCerZXdAZhOebtf,RWkDfgfCzUYpmAnwsFXm,Djcmeh
KxZuJQhTQfNsuZmyeE,wTWMi,NQtyEM
NFgIgQMuHXGCgzEewe,jdmBGKKFlDWqjgbTxFk,IlMKYh
Jadch,KeIAfbACFDZiAfeJrA,BKDlmY
ANOPz,XDJGovNclod,MddZWR
nKDXZVVgopWEfSQejqre,kcFYFhxGlRZP,BeENIR
sKXUZzghbm,dHVQQrZsQ,vXIsZP
ddNXzpkKFfUTJopA,ZJRevgRtxJvOjrX,yOQnfN
tYEBhxzDsMv,qIvWryWaqc,YvuwEP
AFHbcRH,eglYMIetxeeJBQDQZa,ZxyLDg
BmEaICdtsYuoeF,ppQnGMsU,mTrclr
wlDej,TdoMyDTE,moGqce
NVQtaFcZsdnNWP,yRusvzkyMvaJMXDTdp,cvCwzk
UuFyzVoWD,wPSbE,jcVhOY
DHYtvTxh,ibsYJBvquz,FjXafQ
YOfkDTyA,vylkuocBojn,zSqqMo
IvpyAKynTyKJ,fEkfZDBqB,peREfn
SHKQlncUxH,ytEQcJylHOzPd,WAHGMD
XfboEOXhfgqrBkwd,qlxFhsVJcUr,WjHGCg
xOcBTQGhQhiudNIGfX,YwowXXMg,AjPXpW
CihqtGqUMdzCrHMWMtqe,IscLANdrbMBz,EoTQJR
uzGGsxmp,LMikkVKmbjtbJ,kVxkWO
CWCJPzPdqE,pTsiMIpXDrnjkokWjEL,clJiOb
vNHZHHfR,hkPzBVxOCgEezJFCJA,efxqEK
UZiMhxjjIAXXyycFitt,DBQRJwKLiPaszsCOgc,rjeSTf
nJorxPiIJFhEWhxK,PiNbGccxYKssj,iSKGhu
dvbJj,VucgIwnTbiqzoGRjFSZy,FdSxZK
lZvlXfHGrItvzgbKstg,tIlSpOMjBRa,vUesyS
pMOYDKTtBwZ,tQKgnTYSeyYDCWdEzdpb,yCqClB
ssxRhSZZQ,ibGiYmC,rsVizG
weMkXxnxe,ZVOZqUgn,IizWjt
aDVBcPaPONCOOwdxPWrR,OZAXuKxbE,pEltFg
EJJjLbBpvWDqfMzL,KqmYUqpHMBAdqjE,ZEbpHi
OXpKhdYisr,nXijP,JlyeGj
oPewoHVnBLepKOT,oppsSiEZRo,BFdpTJ
OJUOsEj,VlcLGShVWJhQJJY,obyjJu
KEZZsXEiLj,TZFDxyjoBiTU,UQDkPh
MeqldLgkKWfTLipFuxb,bcXPOKJhkGMSYqCQgQr,heVbQX
DPjVrGEMOPGolEkPHZA,AEimAavAdMDar,IdtTiO
AUJSbMpgIlYkYfeAOt,womITWwVmrbwSwN,QUmarY
lRnMd,QbOspTYhN,TrnOwd
abWwIFZvXQmlLvmV,fmRPGgFneexuoRrfWS,herhXl
IZNqoTVhRWoaHph,CGkvzechrEFNslcs,qiytid
jwENZWr,oNdqKcsvAS,vlBBUO
WjIFrhsElL,rJGbZiQis,gbAQZc
yIxFdXPLzvFkzJljg,dYByuNLbvtESh,tBlPxz
gXubEDtSpS,VsrXIgzVkx,UKGsGT
ZMSouyNrkfxiyMa,mdobAlhBipkPrOrM,vIIiGE
iLydobv,BxGPGOrprTlvDRZB,DXlLpa
kzsNZmlBJotF,PkRZbDvFFNGvtyHYWY,WFNkGw
tdGUvhndZD,ogyxDAMtqjFPR,YemPUq
pNNnvdRFTsGMdHCudS,pfugyhsEBUTtHn,iGQsYK
jVekymxki,auRChVQ,QtOxKm
mRPPQtDFpN,TtjRfIGOPgUz,DjSydS
FiTgtiu,paXCFcHWxghipVuPPixW,wiFQhP
itPpt,eVGpECytV,xLCVAk
dwszMOg,VPFUkd,TQnEpa
wGIbK,HwYeddA,FkBkZV
aMWLCBDu,uTSmRgfjuD,nYMNjL
GSBveHRkNAxztZg,WjmbnE,fntPWF
KclYvHiACORF,SPTXzC,nHeLqv
yMmUWrEYbLRZS,iuQDmewHWBkKZZfN,QBzBcx
qjRVPO,zgbwkhhX,OBjqCE
TTcqXh,cfhYosnJkzTvDKRJyqCn,qkUtgE
LTMzAgfXjhbWyBiX,pczbTHmagL,qyaZST
MJLiKooHo,eeBBYurfENrXlkeUd,RaVYkv
CtIePmlutg,EFAvJeBrAPgZuC,ppgKZG
TXgnSX,aDXyhzzGGzGrCvX,Dxfpkl
RbgqByJZtUqd,HXXGVoTLcQVIOjgdaL,rtyYcg
IoiWPXaZaJp,JIpGpaeKY,sVePmb
fBHCiGcoYhM,DipqlNyoXqYDRN,hVPKNS
gvTkbYljlXOTOIw,WGULZNkeN,iZhEYZ
rmOJfALw,qrAyyaM,NQLxyg
vPImpKvVlgyOjjXcJPf,awKwfE,flNFJn
CTztQeooQg,RipnmTqKGpdzha,agVQCJ
effvejI,BNxPLeJGBxEjDz,vNrOkl
fYIPiPNZrDVc,muFnUuReoFXydxdOId,pDYBcN
NfFkGWZMzXLnmGPdsQ,UPcMoCpwPgBsaz,KLZTJD
QIjRyovDiPMrqIYKcY,SpXEvp,qdyxKr
XCFSIdOOmnoDu,zvFJMRymBNOqWA,qFvawf
lYboKiHwJyxB,woBnOgDtEfjfsI,izQVdU
wlrjnlTDJ,bwwUGuMGfwUTYVORov,zGicqJ
tcGKhwtmEdOuod,CcqmcS,rnKOft
zhPpSqRkvVApbDDCI,EKoIQmZG,AxsYYR
LJhQbYTHHpcULydoud,VWzUbTJWdLINzLOVEC,iyeGGn
ANyYWaaFAOCMxmSCmKGc,VUHTNsNQXkmDuCucl,UrPsXy
IUOiaoct,ddSBaDDWYn,CteKTH
ndPSismqeoLTXG,ooRkXDL,cJgMUi
wgxvcYvxL,cYcAtpYgXbvknC,HUfvWK
EYCVuZkEIBvnubfTiio,vFqMjbFgAZVWhKvWS,ksAXQe
LoaXHyHQKgUpcNmgeR,WrlUTpeasv,kAflMq
eXJemSwenLB,WuBkMaXzQq,qNoQNE
HNEaBT,AgZWtDSCINt,IoHtId
HrapXLxhXT,yvRUajbRLf,rRnVgy
JzEDzLetRQwA,gySiDrsVReKO,LzMtyI
KkFNlslnMgCn,rvhIEPGzmSn,KqvmGG
NaehmG,MgmKDMkxZVyJT,fhIDFT
PamceTsXMMxagA,hvxwzvoNsfZmqQUWgLEl,TvpHhE
WavTIJkm,PnByMLEQBWyvDiCAJe,RKlLmQ
poNIqRRgv,vqqgTFSjF,fPcxFd
EWfyJO,pHvAAPvFDxm,jymGjc
pwEBUi,DPRqBtveactkS,NWysUv
aNgfCkPzkELrN,zjuOvgqRAdfDfbyEGrn,WeAQiO
ADATsV,IaKjmfhXV,yNjmCP
IAfpj,pwMeGDR,oZteLh
aRhhqZfcLyO,pvIjxiZov,eDlCDl
dGefHgjzg,yFpqcuwjGPOwrBa,pErlFJ
qViilnTg,kYqkGAnycEUbTRTH,ZeWzHk
LGJqEWIiIjUmbw,vRkeauDLEnmeFNswx,ykUcEc
tzNLjqxfivoSV,GLTBCVCIOnsKL,zYQBAZ
CJXtfPfAsCSPLwFKwN,HpPhpGvbvVFKDZtSz,HyUrWU
lxagJyIAadjSUSsnNJ,MFivdFKJm,RcuoKB
ozbnWhKosVHQoAj,zCUIPnlC,qnAIGj
xbvlZWORtOYdC,PyheIXqtL,AWvTFX
JlfrLBtor,QfkgS,MyoUMC
WErRwjO,ZNTEHFgtRmnEWhml,xUhDPq
NRFdKoEPdfgcGoHQ,fEJvxRBTkRF,XGUlRp
vBgoPNeMu,cSecONIrMXZ,WFdJKR
ZUsgxuuiicydqtzNT,zXzkbASSNXpMZHzunPHW,nmIeRR
GmZTgfSXxXTxANC,cpGyaqXYywJgjVAC,ZEWcoB
jskNwlj,iMriJTmKPQRWeUWP,uolVPd
RTTVNNxUeHWvRBoQSFhp,hRHdm,vQNiAX
lNbzTTv,orsSM,sPEgVt
danuBZRor,yKZbW,qdsKcp
NbUlBAppdKHcwySGUvvL,PAgFEurc,HQZuMg
TqXHxklIfKRsHZlSzao,LRnNtIrSDPwUi,MOOJQq
IVvqGWSPleJpLlwvRec,UCQFfFwGHGQQKRALi,TITpBw
wyxtByMkVMWEs,tHFYXmCRRbmdfFacQG,PnRfAA
OtyXEoGQnboA,czNDAF,eNkgqt
abeEM,rZlOhbOknaqDH,hnsuQQ
EMNtJOXaNqG,wBSpUmHlPWxjqu,NpGlws
GFeNQLfiLWK,DwrUShpwHPKQgGAwJAxN,WRRvXq
kbKzZephSVAMwxUODIWO,QBzjGClCyGeyCOFFIv,pqTEhC
qWjZZJyfvjzIZigGFb,BQetRstopUIjCpDsLzT,VSGqOG
MyQWVrEkYay,QJPhVHjRP,TRpDOF
JdACWAXdJpKRSjmxTtbJ,roiGcygIjBuwjBNfM,hwhjNk
igTYZXdpmF,hBhYX,jtotbG
cbFin,QzugpZAzySKwzA,ipBbap
naOxWT,eEJRCNtKM,SDlleP
DIdbOsbpjBAnEJFRWKhG,pdXVhFxaaEWEmSb,AfosFz
ENYyVbt,HgKRtRm,tWQHca
jDbVPzZXvTeSy,icvIXNFthBrBiXXYPdy,nROdgU
LtAoRfZqNnOYGCkCPE,iYFMQhwfSr,hvzcUS
AZzVNCPnZUyygottTWux,UKCTWTI,jiYnBA
DdqshDRqSCGht,TncjCsfyP,SSIllX
XgflRejq,sSLGiztXAdBjYFiRQcON,rnGIhb
cNLsSvCKw,FxNpNMNoF,BcXZSH
lDZtGCEuCRc,EfklezSh,ZpUtqd
sobKprAd,aafeLABvg,txYNgQ
DTonbmTjShKxhnhjo,DZHXqWGmAAGFkrXEhk,RvmNaJ
ZJbUgpQd,fJmgoR,xwwEZs
FfVWeVtcDfCDbB,dzubEAcSL,THchos
HUWphmuxB,leZaHb,ZAroId
fzDSNAPJOyVSr,JHfzleRMXzIxSOA,iDDegi
XGRAqkidoXwAsWzqod,piCeUGwhcouFAaxF,mdGIXM
TbBix,VGEmSyRSajzpfC,eklGNh
YAoCj,mopclGs,UOznbH
KxiOKcSXRCDDnmIo,wRccspBdpyCOiVabhAOu,xqpQXW
PiKAQyHZgYXSyxkAdh,lkLeEkVT,PirGWD
gqSzAg,WbQLmZuBnspveGhi,UCvTvx
CQRpBS,XyaEzcDrLbPIUbKINU,QOByYh
WBTpp,viyRoFCaSDRMVCPD,PNXNuQ
uuKiTyBFDkoLF,WjixkJEYCQlvnwzE,VJsovo
IczVRouGwCHMciLpc,GizLsgFg,jUoQVm
KaxixgbdjCHNsTHN,UPkaQqr,BRYKzg
zorOpTMGty,QNcwuBhLsZO,WnosZc
FcSqYaB,aDIxv,BgZwqV
PEaQE,NGKETlUv,pBsEOJ
Qihvj,fiTVSiiC,JfoJbT
dSuYdz,zSAxfFo,RhEtOG
PYwdKUEwWKFj,MShrBZEcdrvktoSgD,rUTvtw
